"Interferer Name","Interferer ID"
"Satellite/LEOSAT1/Transmitter/LEO_Transmitter",0
"Satellite/LEOSAT2/Transmitter/LEO_Transmitter",1
"Satellite/LEOSAT3/Transmitter/LEO_Transmitter",2
"Satellite/LEOSAT4/Transmitter/LEO_Transmitter",3
"Satellite/LEOSAT5/Transmitter/LEO_Transmitter",4
"Satellite/LEOSAT6/Transmitter/LEO_Transmitter",5

"Time (UTCG)","Link To ID","IF Source ID","Interferer Name","Xmtr Power (dBW)","Xmtr Gain (dB)","EIRP (dBW)","Xmtr Azimuth - Phi (deg)","Xmtr Elevation - Theta (deg)","Range (km)","Rcvr Azimuth - Phi (deg)","Rcvr Elevation - Theta (deg)","Rcvd. Frequency (GHz)","Power At Rcvr Input (dBW)","Rcvr Gain (dB)","Rcvr NormGain","Rcvr Loss (dB)","Bandwidth Overlap (units)","Pwr Flux Density (dBW/m^2)","C/I (dB)","Pol. Rel. Angle (deg)","Polarization Effic (dB)","Free Space Loss (dB)","Atmos Loss (dB)","Rain Loss (dB)"
10 Aug 2024 00:00:00.000,0,0,"Satellite/LEOSAT1/Transmitter/LEO_Transmitter",15.000,1.1251,14.174,23.967,63.270,1376.114799,0.000,0.000,15.000,-164.571,0.0000,1.000000,178.7427,0.9997,-118.582776,11.8355,0.000,0.0000,178.7427,0.0000,0.0000
10 Aug 2024 00:01:00.000,0,0,"Satellite/LEOSAT1/Transmitter/LEO_Transmitter",15.000,2.1152,15.164,35.733,57.756,1053.265630,0.000,0.000,15.000,-161.258,0.0000,1.000000,176.4204,0.9997,-115.277244,8.5229,0.000,0.0000,176.4204,0.0000,0.0000
10 Aug 2024 00:01:00.000,0,3,"Satellite/LEOSAT4/Transmitter/LEO_Transmitter",15.000,0.3399,13.388,288.558,68.015,2479.634772,0.000,0.000,15.000,-170.469,0.0000,1.000000,183.8574,0.9999,-124.510007,17.7343,0.000,0.0000,183.8574,0.0000,0.0000
10 Aug 2024 00:02:00.000,0,0,"Satellite/LEOSAT1/Transmitter/LEO_Transmitter",15.000,3.7126,16.761,59.370,49.854,822.844887,0.000,0.000,15.000,-157.515,0.0000,1.000000,174.2760,0.9999,-111.550613,4.7804,0.000,0.0000,174.2760,0.0000,0.0000
10 Aug 2024 00:02:00.000,0,3,"Satellite/LEOSAT4/Transmitter/LEO_Transmitter",15.000,0.3460,13.395,279.122,67.977,2402.970349,0.000,0.000,15.000,-170.190,0.0000,1.000000,183.5846,1.0000,-124.238534,17.4552,0.000,0.0000,183.5846,0.0000,0.0000
10 Aug 2024 00:03:00.000,0,0,"Satellite/LEOSAT1/Transmitter/LEO_Transmitter",15.000,4.2883,17.337,98.424,47.279,773.558455,0.000,0.000,15.000,-156.403,0.0000,1.000000,173.7395,0.9999,-110.448856,3.6679,0.000,0.0000,173.7395,0.0000,0.0000
10 Aug 2024 00:03:00.000,0,3,"Satellite/LEOSAT4/Transmitter/LEO_Transmitter",15.000,0.3470,13.395,269.331,67.971,2394.050104,0.000,0.000,15.000,-170.157,0.0000,1.000000,183.5523,1.0000,-124.207273,17.4218,0.000,0.0000,183.5523,0.0000,0.0000
10 Aug 2024 00:04:00.000,0,0,"Satellite/LEOSAT1/Transmitter/LEO_Transmitter",15.000,2.7767,15.825,129.831,54.342,934.549385,0.000,0.000,15.000,-159.557,0.0000,1.000000,175.3817,0.9998,-113.582419,6.8224,0.000,0.0000,175.3817,0.0000,0.0000
10 Aug 2024 00:04:00.000,0,3,"Satellite/LEOSAT4/Transmitter/LEO_Transmitter",15.000,0.3415,13.390,259.772,68.005,2453.464880,0.000,0.000,15.000,-170.376,0.0000,1.000000,183.7652,0.9999,-124.418075,17.6405,0.000,0.0000,183.7652,0.0000,0.0000
10 Aug 2024 00:05:00.000,0,0,"Satellite/LEOSAT1/Transmitter/LEO_Transmitter",15.000,1.4885,14.537,145.753,61.187,1225.012432,0.000,0.000,15.000,-163.197,0.0000,1.000000,177.7324,0.9997,-117.211529,10.4617,0.000,0.0000,177.7324,0.0000,0.0000
10 Aug 2024 00:06:00.000,0,0,"Satellite/LEOSAT1/Transmitter/LEO_Transmitter",15.000,0.8068,13.855,154.052,65.152,1573.972385,0.000,0.000,15.000,-166.056,0.0000,1.000000,179.9096,0.9996,-120.066054,13.3207,0.000,0.0000,179.9096,0.0000,0.0000
10 Aug 2024 00:07:00.000,0,0,"Satellite/LEOSAT1/Transmitter/LEO_Transmitter",15.000,0.4819,13.530,158.925,67.131,1949.188569,0.000,0.000,15.000,-168.238,0.0000,1.000000,181.7667,0.9996,-122.246072,15.5029,0.000,0.0000,181.7667,0.0000,0.0000
10 Aug 2024 00:08:00.000,0,0,"Satellite/LEOSAT1/Transmitter/LEO_Transmitter",15.000,0.3545,13.403,162.069,67.924,2336.844310,0.000,0.000,15.000,-169.941,0.0000,1.000000,183.3422,0.9996,-123.948053,17.2058,0.000,0.0000,183.3422,0.0000,0.0000
10 Aug 2024 01:09:47.000,0,4,"Satellite/LEOSAT5/Transmitter/LEO_Transmitter",15.000,0.3373,13.386,26.191,68.031,2572.251763,0.000,0.000,15.000,-170.792,0.0000,1.000000,184.1759,0.9996,-124.801108,18.0566,0.000,0.0000,184.1759,0.0000,0.0000
10 Aug 2024 01:10:47.000,0,4,"Satellite/LEOSAT5/Transmitter/LEO_Transmitter",15.000,0.3812,13.430,30.368,67.757,2206.436598,0.000,0.000,15.000,-169.415,0.0000,1.000000,182.8434,0.9996,-123.426367,16.6803,0.000,0.0000,182.8434,0.0000,0.0000
10 Aug 2024 01:11:47.000,0,4,"Satellite/LEOSAT5/Transmitter/LEO_Transmitter",15.000,0.5370,13.586,36.334,66.792,1858.488316,0.000,0.000,15.000,-167.769,0.0000,1.000000,181.3528,0.9997,-121.782570,15.0337,0.000,0.0000,181.3528,0.0000,0.0000
10 Aug 2024 01:12:47.000,0,4,"Satellite/LEOSAT5/Transmitter/LEO_Transmitter",15.000,0.8484,13.897,45.221,64.903,1542.560412,0.000,0.000,15.000,-165.839,0.0000,1.000000,179.7345,0.9997,-119.857645,13.1038,0.000,0.0000,179.7345,0.0000,0.0000
10 Aug 2024 01:13:47.000,0,4,"Satellite/LEOSAT5/Transmitter/LEO_Transmitter",15.000,1.3297,14.378,58.825,62.089,1284.401550,0.000,0.000,15.000,-163.766,0.0000,1.000000,178.1436,0.9998,-117.794244,11.0313,0.000,0.0000,178.1436,0.0000,0.0000
10 Aug 2024 01:14:47.000,0,4,"Satellite/LEOSAT5/Transmitter/LEO_Transmitter",15.000,1.8134,14.862,78.795,59.384,1126.029562,0.000,0.000,15.000,-162.139,0.0000,1.000000,177.0006,0.9999,-116.181646,9.4040,0.000,0.0000,177.0006,0.0000,0.0000
10 Aug 2024 01:15:47.000,0,4,"Satellite/LEOSAT5/Transmitter/LEO_Transmitter",15.000,1.8674,14.916,102.847,59.089,1111.852755,0.000,0.000,15.000,-161.975,0.0000,1.000000,176.8906,0.9999,-116.020682,9.2399,0.000,0.0000,176.8906,0.0000,0.0000
10 Aug 2024 01:16:47.000,0,4,"Satellite/LEOSAT5/Transmitter/LEO_Transmitter",15.000,1.4269,14.475,123.939,61.535,1247.011250,0.000,0.000,15.000,-163.412,0.0000,1.000000,177.8870,0.9998,-117.442480,10.6774,0.000,0.0000,177.8870,0.0000,0.0000
10 Aug 2024 01:17:47.000,0,4,"Satellite/LEOSAT5/Transmitter/LEO_Transmitter",15.000,0.9231,13.972,138.647,64.458,1491.141043,0.000,0.000,15.000,-165.470,0.0000,1.000000,179.4400,0.9997,-119.489619,12.7345,0.000,0.0000,179.4400,0.0000,0.0000
10 Aug 2024 01:18:47.000,0,4,"Satellite/LEOSAT5/Transmitter/LEO_Transmitter",15.000,0.5795,13.628,148.267,66.531,1799.800215,0.000,0.000,15.000,-167.448,0.0000,1.000000,181.0741,0.9997,-121.461952,14.7125,0.000,0.0000,181.0741,0.0000,0.0000
10 Aug 2024 01:19:47.000,0,4,"Satellite/LEOSAT5/Transmitter/LEO_Transmitter",15.000,0.3990,13.448,154.697,67.646,2144.440387,0.000,0.000,15.000,-169.150,0.0000,1.000000,182.5959,0.9996,-123.161168,16.4149,0.000,0.0000,182.5959,0.0000,0.0000
10 Aug 2024 01:20:47.000,0,4,"Satellite/LEOSAT5/Transmitter/LEO_Transmitter",15.000,0.3385,13.387,159.181,68.024,2509.257722,0.000,0.000,15.000,-170.575,0.0000,1.000000,183.9605,0.9996,-124.584598,17.8401,0.000,0.0000,183.9605,0.0000,0.0000
10 Aug 2024 02:48:15.000,0,1,"Satellite/LEOSAT2/Transmitter/LEO_Transmitter",15.000,0.3374,13.386,343.527,68.031,2563.279677,0.000,0.000,15.000,-170.761,0.0000,1.000000,184.1455,0.9996,-124.768110,18.0264,0.000,0.0000,184.1455,0.0000,0.0000
10 Aug 2024 02:49:15.000,0,1,"Satellite/LEOSAT2/Transmitter/LEO_Transmitter",15.000,0.3910,13.439,341.032,67.696,2170.882251,0.000,0.000,15.000,-169.265,0.0000,1.000000,182.7023,0.9996,-123.271938,16.5296,0.000,0.0000,182.7023,0.0000,0.0000
10 Aug 2024 02:49:15.000,0,4,"Satellite/LEOSAT5/Transmitter/LEO_Transmitter",15.000,0.3536,13.402,331.287,67.930,2342.919536,0.000,0.000,15.000,-169.964,0.0000,1.000000,183.3648,0.9997,-123.976740,17.2292,0.000,0.0000,183.3648,0.0000,0.0000
10 Aug 2024 02:50:15.000,0,1,"Satellite/LEOSAT2/Transmitter/LEO_Transmitter",15.000,0.5899,13.638,337.319,66.467,1786.514569,0.000,0.000,15.000,-167.373,0.0000,1.000000,181.0097,0.9996,-121.381697,14.6380,0.000,0.0000,181.0097,0.0000,0.0000
10 Aug 2024 02:50:15.000,0,4,"Satellite/LEOSAT5/Transmitter/LEO_Transmitter",15.000,0.4515,13.500,324.976,67.320,2009.648281,0.000,0.000,15.000,-168.533,0.0000,1.000000,182.0320,0.9997,-122.549191,15.7984,0.000,0.0000,182.0320,0.0000,0.0000
10 Aug 2024 02:51:15.000,0,1,"Satellite/LEOSAT2/Transmitter/LEO_Transmitter",15.000,1.0436,14.092,331.342,63.747,1418.999748,0.000,0.000,15.000,-164.919,0.0000,1.000000,179.0093,0.9996,-118.930280,12.1837,0.000,0.0000,179.0093,0.0000,0.0000
10 Aug 2024 02:51:15.000,0,4,"Satellite/LEOSAT5/Transmitter/LEO_Transmitter",15.000,0.6549,13.703,316.081,66.070,1711.686224,0.000,0.000,15.000,-166.936,0.0000,1.000000,180.6381,0.9997,-120.956978,14.2009,0.000,0.0000,180.6381,0.0000,0.0000
10 Aug 2024 02:52:15.000,0,1,"Satellite/LEOSAT2/Transmitter/LEO_Transmitter",15.000,1.9637,15.012,320.610,58.567,1087.909561,0.000,0.000,15.000,-161.691,0.0000,1.000000,176.7015,0.9997,-115.708486,8.9556,0.000,0.0000,176.7015,0.0000,0.0000
10 Aug 2024 02:52:15.000,0,4,"Satellite/LEOSAT5/Transmitter/LEO_Transmitter",15.000,0.9531,14.002,303.469,64.280,1472.045552,0.000,0.000,15.000,-165.327,0.0000,1.000000,179.3280,0.9998,-119.357062,12.5922,0.000,0.0000,179.3280,0.0000,0.0000
10 Aug 2024 02:53:15.000,0,1,"Satellite/LEOSAT2/Transmitter/LEO_Transmitter",15.000,3.5426,16.591,299.014,50.641,839.766392,0.000,0.000,15.000,-157.862,0.0000,1.000000,174.4528,0.9998,-111.894659,5.1274,0.000,0.0000,174.4528,0.0000,0.0000
10 Aug 2024 02:53:15.000,0,4,"Satellite/LEOSAT5/Transmitter/LEO_Transmitter",15.000,1.2363,14.285,286.471,62.626,1323.820901,0.000,0.000,15.000,-164.122,0.0000,1.000000,178.4062,0.9999,-118.164521,11.3868,0.000,0.0000,178.4062,0.0000,0.0000
10 Aug 2024 02:54:15.000,0,1,"Satellite/LEOSAT2/Transmitter/LEO_Transmitter",15.000,4.4436,17.492,260.743,46.608,762.042122,0.000,0.000,15.000,-156.117,0.0000,1.000000,173.6092,1.0000,-110.166495,3.3822,0.000,0.0000,173.6092,0.0000,0.0000
10 Aug 2024 02:54:15.000,0,4,"Satellite/LEOSAT5/Transmitter/LEO_Transmitter",15.000,1.2936,14.342,266.730,62.296,1299.175087,0.000,0.000,15.000,-163.901,0.0000,1.000000,178.2430,1.0000,-117.949393,11.1660,0.000,0.0000,178.2430,0.0000,0.0000
10 Aug 2024 02:55:15.000,0,1,"Satellite/LEOSAT2/Transmitter/LEO_Transmitter",15.000,3.0213,16.070,226.818,53.131,900.421051,0.000,0.000,15.000,-158.990,0.0000,1.000000,175.0585,0.9998,-113.016390,6.2547,0.000,0.0000,175.0585,0.0000,0.0000
10 Aug 2024 02:55:15.000,0,4,"Satellite/LEOSAT5/Transmitter/LEO_Transmitter",15.000,1.0702,14.119,248.367,63.591,1404.556159,0.000,0.000,15.000,-164.802,0.0000,1.000000,178.9204,0.9998,-118.836548,12.0674,0.000,0.0000,178.9204,0.0000,0.0000
10 Aug 2024 02:56:15.000,0,1,"Satellite/LEOSAT2/Transmitter/LEO_Transmitter",15.000,1.6228,14.671,209.383,60.435,1180.937188,0.000,0.000,15.000,-162.744,0.0000,1.000000,177.4141,0.9997,-116.759628,10.0092,0.000,0.0000,177.4141,0.0000,0.0000
10 Aug 2024 02:56:15.000,0,4,"Satellite/LEOSAT5/Transmitter/LEO_Transmitter",15.000,0.7576,13.806,234.168,65.449,1614.197558,0.000,0.000,15.000,-166.324,0.0000,1.000000,180.1287,0.9998,-120.347692,13.5887,0.000,0.0000,180.1287,0.0000,0.0000
10 Aug 2024 02:57:15.000,0,1,"Satellite/LEOSAT2/Transmitter/LEO_Transmitter",15.000,0.8709,13.919,200.461,64.769,1526.460157,0.000,0.000,15.000,-165.725,0.0000,1.000000,179.6433,0.9996,-119.735924,12.9905,0.000,0.0000,179.6433,0.0000,0.0000
10 Aug 2024 02:57:15.000,0,4,"Satellite/LEOSAT5/Transmitter/LEO_Transmitter",15.000,0.5146,13.563,224.070,66.929,1892.978520,0.000,0.000,15.000,-167.951,0.0000,1.000000,181.5125,0.9997,-121.968267,15.2157,0.000,0.0000,181.5125,0.0000,0.0000
10 Aug 2024 02:58:15.000,0,1,"Satellite/LEOSAT2/Transmitter/LEO_Transmitter",15.000,0.5097,13.558,195.294,66.960,1900.928379,0.000,0.000,15.000,-167.992,0.0000,1.000000,181.5489,0.9996,-122.000492,15.2574,0.000,0.0000,181.5489,0.0000,0.0000
10 Aug 2024 02:58:15.000,0,4,"Satellite/LEOSAT5/Transmitter/LEO_Transmitter",15.000,0.3792,13.428,216.963,67.769,2213.937059,0.000,0.000,15.000,-169.447,0.0000,1.000000,182.8729,0.9997,-123.460376,16.7116,0.000,0.0000,182.8729,0.0000,0.0000
10 Aug 2024 02:59:15.000,0,1,"Satellite/LEOSAT2/Transmitter/LEO_Transmitter",15.000,0.3627,13.411,191.980,67.873,2289.081455,0.000,0.000,15.000,-169.753,0.0000,1.000000,183.1628,0.9996,-123.760417,17.0184,0.000,0.0000,183.1628,0.0000,0.0000
10 Aug 2024 02:59:15.000,0,4,"Satellite/LEOSAT5/Transmitter/LEO_Transmitter",15.000,0.3374,13.386,211.861,68.031,2560.123572,0.000,0.000,15.000,-170.750,0.0000,1.000000,184.1348,0.9996,-124.761925,18.0155,0.000,0.0000,184.1348,0.0000,0.0000
10 Aug 2024 04:03:00.000,0,5,"Satellite/LEOSAT6/Transmitter/LEO_Transmitter",15.000,0.3373,13.386,58.578,68.031,2575.326705,0.000,0.000,15.000,-170.801,0.0000,1.000000,184.1863,0.9998,-124.828068,18.0663,0.000,0.0000,184.1863,0.0000,0.0000
10 Aug 2024 04:04:00.000,0,5,"Satellite/LEOSAT6/Transmitter/LEO_Transmitter",15.000,0.3495,13.398,66.687,67.955,2372.450469,0.000,0.000,15.000,-170.076,0.0000,1.000000,183.4736,0.9998,-124.108787,17.3413,0.000,0.0000,183.4736,0.0000,0.0000
10 Aug 2024 04:05:00.000,0,5,"Satellite/LEOSAT6/Transmitter/LEO_Transmitter",15.000,0.3764,13.425,76.209,67.787,2225.350166,0.000,0.000,15.000,-169.493,0.0000,1.000000,182.9176,0.9999,-123.533007,16.7581,0.000,0.0000,182.9176,0.0000,0.0000
10 Aug 2024 04:06:00.000,0,5,"Satellite/LEOSAT6/Transmitter/LEO_Transmitter",15.000,0.3984,13.447,86.848,67.650,2146.347256,0.000,0.000,15.000,-169.157,0.0000,1.000000,182.6036,1.0000,-123.205320,16.4218,0.000,0.0000,182.6036,0.0000,0.0000
10 Aug 2024 04:07:00.000,0,5,"Satellite/LEOSAT6/Transmitter/LEO_Transmitter",15.000,0.3993,13.448,97.946,67.644,2143.495395,0.000,0.000,15.000,-169.144,0.0000,1.000000,182.5921,1.0000,-123.193503,16.4094,0.000,0.0000,182.5921,0.0000,0.0000
10 Aug 2024 04:08:00.000,0,5,"Satellite/LEOSAT6/Transmitter/LEO_Transmitter",15.000,0.3784,13.427,108.668,67.775,2217.277601,0.000,0.000,15.000,-169.460,0.0000,1.000000,182.8860,0.9999,-123.499985,16.7246,0.000,0.0000,182.8860,0.0000,0.0000
10 Aug 2024 04:09:00.000,0,5,"Satellite/LEOSAT6/Transmitter/LEO_Transmitter",15.000,0.3511,13.400,118.327,67.945,2360.410562,0.000,0.000,15.000,-170.030,0.0000,1.000000,183.4294,0.9998,-124.063381,17.2955,0.000,0.0000,183.4294,0.0000,0.0000
10 Aug 2024 04:10:00.000,0,5,"Satellite/LEOSAT6/Transmitter/LEO_Transmitter",15.000,0.3374,13.386,126.593,68.031,2560.930493,0.000,0.000,15.000,-170.753,0.0000,1.000000,184.1376,0.9998,-124.779511,18.0176,0.000,0.0000,184.1376,0.0000,0.0000
10 Aug 2024 04:27:59.000,0,1,"Satellite/LEOSAT2/Transmitter/LEO_Transmitter",15.000,0.3373,13.386,36.196,68.031,2570.601203,0.000,0.000,15.000,-170.786,0.0000,1.000000,184.1703,0.9997,-124.802044,18.0508,0.000,0.0000,184.1703,0.0000,0.0000
10 Aug 2024 04:28:59.000,0,1,"Satellite/LEOSAT2/Transmitter/LEO_Transmitter",15.000,0.3663,13.415,42.753,67.850,2270.647351,0.000,0.000,15.000,-169.679,0.0000,1.000000,183.0926,0.9997,-123.699027,16.9440,0.000,0.0000,183.0926,0.0000,0.0000
10 Aug 2024 04:29:59.000,0,1,"Satellite/LEOSAT2/Transmitter/LEO_Transmitter",15.000,0.4514,13.500,51.314,67.320,2009.719151,0.000,0.000,15.000,-168.533,0.0000,1.000000,182.0323,0.9998,-122.558967,15.7983,0.000,0.0000,182.0323,0.0000,0.0000
10 Aug 2024 04:30:59.000,0,1,"Satellite/LEOSAT2/Transmitter/LEO_Transmitter",15.000,0.5748,13.623,62.316,66.560,1805.910221,0.000,0.000,15.000,-167.481,0.0000,1.000000,181.1035,0.9998,-121.514542,14.7459,0.000,0.0000,181.1035,0.0000,0.0000
10 Aug 2024 04:31:59.000,0,1,"Satellite/LEOSAT2/Transmitter/LEO_Transmitter",15.000,0.6850,13.734,75.735,65.888,1680.892675,0.000,0.000,15.000,-166.747,0.0000,1.000000,180.4804,0.9999,-120.791382,14.0122,0.000,0.0000,180.4804,0.0000,0.0000
10 Aug 2024 04:32:59.000,0,1,"Satellite/LEOSAT2/Transmitter/LEO_Transmitter",15.000,0.7140,13.763,90.554,65.711,1652.991284,0.000,0.000,15.000,-166.573,0.0000,1.000000,180.3350,1.0000,-120.623149,13.8375,0.000,0.0000,180.3350,0.0000,0.0000
10 Aug 2024 04:33:59.000,0,1,"Satellite/LEOSAT2/Transmitter/LEO_Transmitter",15.000,0.6408,13.689,104.913,66.156,1726.846652,0.000,0.000,15.000,-167.026,0.0000,1.000000,180.7147,0.9999,-121.064901,14.2908,0.000,0.0000,180.7147,0.0000,0.0000
10 Aug 2024 04:34:59.000,0,1,"Satellite/LEOSAT2/Transmitter/LEO_Transmitter",15.000,0.5164,13.565,117.248,66.918,1890.136210,0.000,0.000,15.000,-167.935,0.0000,1.000000,181.4995,0.9998,-121.965099,15.2004,0.000,0.0000,181.4995,0.0000,0.0000
10 Aug 2024 04:35:59.000,0,1,"Satellite/LEOSAT2/Transmitter/LEO_Transmitter",15.000,0.4065,13.455,127.052,67.599,2121.604252,0.000,0.000,15.000,-169.049,0.0000,1.000000,182.5029,0.9997,-123.071871,16.3139,0.000,0.0000,182.5029,0.0000,0.0000
10 Aug 2024 04:36:59.000,0,1,"Satellite/LEOSAT2/Transmitter/LEO_Transmitter",15.000,0.3462,13.395,134.586,67.976,2400.704595,0.000,0.000,15.000,-170.183,0.0000,1.000000,183.5764,0.9997,-124.201242,17.4479,0.000,0.0000,183.5764,0.0000,0.0000
10 Aug 2024 05:39:18.000,0,5,"Satellite/LEOSAT6/Transmitter/LEO_Transmitter",15.000,0.3373,13.386,2.187,68.031,2572.121501,0.000,0.000,15.000,-170.791,0.0000,1.000000,184.1754,0.9996,-124.796740,18.0563,0.000,0.0000,184.1754,0.0000,0.0000
10 Aug 2024 05:40:18.000,0,5,"Satellite/LEOSAT6/Transmitter/LEO_Transmitter",15.000,0.3923,13.441,1.995,67.688,2166.307952,0.000,0.000,15.000,-169.245,0.0000,1.000000,182.6840,0.9996,-123.250466,16.5099,0.000,0.0000,182.6840,0.0000,0.0000
10 Aug 2024 05:41:18.000,0,2,"Satellite/LEOSAT3/Transmitter/LEO_Transmitter",15.000,0.3392,13.388,311.364,68.020,2493.669507,0.000,0.000,15.000,-170.520,0.0000,1.000000,183.9064,0.9997,-124.539942,17.7848,0.000,0.0000,183.9064,0.0000,0.0000
10 Aug 2024 05:41:18.000,0,5,"Satellite/LEOSAT6/Transmitter/LEO_Transmitter",15.000,0.6093,13.658,1.722,66.348,1762.826061,0.000,0.000,15.000,-167.238,0.0000,1.000000,180.8938,0.9996,-121.243704,14.5026,0.000,0.0000,180.8938,0.0000,0.0000
10 Aug 2024 05:42:18.000,0,2,"Satellite/LEOSAT3/Transmitter/LEO_Transmitter",15.000,0.3753,13.424,303.819,67.794,2229.839999,0.000,0.000,15.000,-169.512,0.0000,1.000000,182.9351,0.9998,-123.537114,16.7772,0.000,0.0000,182.9351,0.0000,0.0000
10 Aug 2024 05:42:18.000,0,5,"Satellite/LEOSAT6/Transmitter/LEO_Transmitter",15.000,1.1453,14.194,1.281,63.152,1366.131535,0.000,0.000,15.000,-164.487,0.0000,1.000000,178.6795,0.9996,-118.494555,11.7522,0.000,0.0000,178.6795,0.0000,0.0000
10 Aug 2024 05:43:18.000,0,2,"Satellite/LEOSAT3/Transmitter/LEO_Transmitter",15.000,0.4491,13.498,294.282,67.335,2014.790876,0.000,0.000,15.000,-168.557,0.0000,1.000000,182.0542,0.9998,-122.589012,15.8223,0.000,0.0000,182.0542,0.0000,0.0000
10 Aug 2024 05:43:18.000,0,5,"Satellite/LEOSAT6/Transmitter/LEO_Transmitter",15.000,2.4527,15.501,0.419,55.988,987.050061,0.000,0.000,15.000,-160.357,0.0000,1.000000,175.8564,0.9996,-114.367280,7.6217,0.000,0.0000,175.8564,0.0000,0.0000
10 Aug 2024 05:44:18.000,0,2,"Satellite/LEOSAT3/Transmitter/LEO_Transmitter",15.000,0.5316,13.580,282.665,66.825,1866.645323,0.000,0.000,15.000,-167.811,0.0000,1.000000,181.3908,0.9999,-121.851856,15.0761,0.000,0.0000,181.3908,0.0000,0.0000
10 Aug 2024 05:44:18.000,0,5,"Satellite/LEOSAT6/Transmitter/LEO_Transmitter",15.000,5.1291,18.178,357.885,38.956,659.605370,0.000,0.000,15.000,-154.179,0.0000,1.000000,172.3553,0.9997,-108.199857,1.4437,0.000,0.0000,172.3553,0.0000,0.0000
10 Aug 2024 05:45:18.000,0,2,"Satellite/LEOSAT3/Transmitter/LEO_Transmitter",15.000,0.5772,13.626,269.504,66.545,1802.816556,0.000,0.000,15.000,-167.463,0.0000,1.000000,181.0886,1.0000,-121.514363,14.7280,0.000,0.0000,181.0886,0.0000,0.0000
10 Aug 2024 05:45:18.000,0,5,"Satellite/LEOSAT6/Transmitter/LEO_Transmitter",15.000,30.1291,43.178,283.835,4.314,500.964554,0.000,0.000,15.000,-126.788,0.0000,1.000000,169.9657,1.0000,-80.840771,-25.9470,0.000,0.0000,169.9657,0.0000,0.0000
10 Aug 2024 05:46:18.000,0,2,"Satellite/LEOSAT3/Transmitter/LEO_Transmitter",15.000,0.5550,13.604,256.057,66.681,1832.580977,0.000,0.000,15.000,-167.628,0.0000,1.000000,181.2309,0.9999,-121.672041,14.8925,0.000,0.0000,181.2309,0.0000,0.0000
10 Aug 2024 05:46:18.000,0,5,"Satellite/LEOSAT6/Transmitter/LEO_Transmitter",15.000,5.1291,18.178,188.307,38.041,650.134881,0.000,0.000,15.000,-154.053,0.0000,1.000000,172.2297,0.9997,-108.074874,1.3181,0.000,0.0000,172.2297,0.0000,0.0000
10 Aug 2024 05:47:18.000,0,2,"Satellite/LEOSAT3/Transmitter/LEO_Transmitter",15.000,0.4805,13.529,243.737,67.140,1951.718173,0.000,0.000,15.000,-168.250,0.0000,1.000000,181.7780,0.9998,-122.284194,15.5145,0.000,0.0000,181.7780,0.0000,0.0000
10 Aug 2024 05:47:18.000,0,5,"Satellite/LEOSAT6/Transmitter/LEO_Transmitter",15.000,2.5255,15.574,185.651,55.614,974.421457,0.000,0.000,15.000,-160.172,0.0000,1.000000,175.7445,0.9996,-114.182812,7.4370,0.000,0.0000,175.7445,0.0000,0.0000
10 Aug 2024 05:48:18.000,0,2,"Satellite/LEOSAT3/Transmitter/LEO_Transmitter",15.000,0.3988,13.447,233.375,67.647,2145.115348,0.000,0.000,15.000,-169.152,0.0000,1.000000,182.5986,0.9998,-123.179207,16.4172,0.000,0.0000,182.5986,0.0000,0.0000
10 Aug 2024 05:48:18.000,0,5,"Satellite/LEOSAT6/Transmitter/LEO_Transmitter",15.000,1.1736,14.222,184.784,62.988,1352.505890,0.000,0.000,15.000,-164.372,0.0000,1.000000,178.5924,0.9996,-118.379246,11.6369,0.000,0.0000,178.5924,0.0000,0.0000
10 Aug 2024 05:49:18.000,0,2,"Satellite/LEOSAT3/Transmitter/LEO_Transmitter",15.000,0.3469,13.395,225.081,67.971,2394.310096,0.000,0.000,15.000,-170.159,0.0000,1.000000,183.5532,0.9997,-124.180330,17.4238,0.000,0.0000,183.5532,0.0000,0.0000
10 Aug 2024 05:49:18.000,0,5,"Satellite/LEOSAT6/Transmitter/LEO_Transmitter",15.000,0.6213,13.670,184.363,66.275,1748.827082,0.000,0.000,15.000,-167.156,0.0000,1.000000,180.8245,0.9996,-121.162513,14.4214,0.000,0.0000,180.8245,0.0000,0.0000
10 Aug 2024 05:50:18.000,0,5,"Satellite/LEOSAT6/Transmitter/LEO_Transmitter",15.000,0.3966,13.445,184.123,67.661,2152.169072,0.000,0.000,15.000,-169.184,0.0000,1.000000,182.6271,0.9996,-123.189307,16.4487,0.000,0.0000,182.6271,0.0000,0.0000
10 Aug 2024 05:51:18.000,0,5,"Satellite/LEOSAT6/Transmitter/LEO_Transmitter",15.000,0.3374,13.386,183.974,68.031,2557.954010,0.000,0.000,15.000,-170.743,0.0000,1.000000,184.1275,0.9996,-124.748700,18.0082,0.000,0.0000,184.1275,0.0000,0.0000
10 Aug 2024 07:18:08.000,0,2,"Satellite/LEOSAT3/Transmitter/LEO_Transmitter",15.000,0.3374,13.386,7.290,68.031,2564.179824,0.000,0.000,15.000,-170.764,0.0000,1.000000,184.1486,0.9996,-124.770593,18.0292,0.000,0.0000,184.1486,0.0000,0.0000
10 Aug 2024 07:19:08.000,0,2,"Satellite/LEOSAT3/Transmitter/LEO_Transmitter",15.000,0.3924,13.441,9.270,67.687,2166.066278,0.000,0.000,15.000,-169.244,0.0000,1.000000,182.6830,0.9996,-123.250476,16.5087,0.000,0.0000,182.6830,0.0000,0.0000
10 Aug 2024 07:20:08.000,0,2,"Satellite/LEOSAT3/Transmitter/LEO_Transmitter",15.000,0.6001,13.649,12.212,66.404,1773.882374,0.000,0.000,15.000,-167.301,0.0000,1.000000,180.9481,0.9996,-121.308779,14.5659,0.000,0.0000,180.9481,0.0000,0.0000
10 Aug 2024 07:21:08.000,0,2,"Satellite/LEOSAT3/Transmitter/LEO_Transmitter",15.000,1.0885,14.137,16.999,63.484,1394.848641,0.000,0.000,15.000,-164.725,0.0000,1.000000,178.8602,0.9996,-118.734609,11.9895,0.000,0.0000,178.8602,0.0000,0.0000
10 Aug 2024 07:21:08.000,0,5,"Satellite/LEOSAT6/Transmitter/LEO_Transmitter",15.000,0.3377,13.386,299.580,68.029,2535.753175,0.000,0.000,15.000,-170.666,0.0000,1.000000,184.0517,0.9998,-124.698257,17.9310,0.000,0.0000,184.0517,0.0000,0.0000
10 Aug 2024 07:22:08.000,0,2,"Satellite/LEOSAT3/Transmitter/LEO_Transmitter",15.000,2.1505,15.199,25.929,57.568,1045.657794,0.000,0.000,15.000,-161.160,0.0000,1.000000,176.3574,0.9997,-115.174945,8.4245,0.000,0.0000,176.3574,0.0000,0.0000
10 Aug 2024 07:22:08.000,0,5,"Satellite/LEOSAT6/Transmitter/LEO_Transmitter",15.000,0.3483,13.397,290.737,67.963,2382.198952,0.000,0.000,15.000,-170.113,0.0000,1.000000,183.5092,0.9999,-124.151696,17.3776,0.000,0.0000,183.5092,0.0000,0.0000
10 Aug 2024 07:23:08.000,0,2,"Satellite/LEOSAT3/Transmitter/LEO_Transmitter",15.000,4.3315,17.380,46.155,47.092,770.288212,0.000,0.000,15.000,-156.324,0.0000,1.000000,173.7027,0.9998,-110.352239,3.5883,0.000,0.0000,173.7027,0.0000,0.0000
10 Aug 2024 07:23:08.000,0,5,"Satellite/LEOSAT6/Transmitter/LEO_Transmitter",15.000,0.3621,13.411,280.876,67.876,2291.953852,0.000,0.000,15.000,-169.763,0.0000,1.000000,183.1737,0.9999,-123.810178,17.0281,0.000,0.0000,183.1737,0.0000,0.0000
10 Aug 2024 07:24:08.000,0,2,"Satellite/LEOSAT3/Transmitter/LEO_Transmitter",15.000,5.1291,18.178,91.803,39.800,668.789235,0.000,0.000,15.000,-154.298,0.0000,1.000000,172.4754,1.0000,-108.348480,1.5626,0.000,0.0000,172.4754,0.0000,0.0000
10 Aug 2024 07:24:08.000,0,5,"Satellite/LEOSAT6/Transmitter/LEO_Transmitter",15.000,0.3659,13.414,270.509,67.853,2272.762460,0.000,0.000,15.000,-169.686,0.0000,1.000000,183.1007,1.0000,-123.737717,16.9512,0.000,0.0000,183.1007,0.0000,0.0000
10 Aug 2024 07:25:08.000,0,2,"Satellite/LEOSAT3/Transmitter/LEO_Transmitter",15.000,3.8537,16.902,132.928,49.210,809.686772,0.000,0.000,15.000,-157.235,0.0000,1.000000,174.1359,0.9998,-111.260065,4.4995,0.000,0.0000,174.1359,0.0000,0.0000
10 Aug 2024 07:25:08.000,0,5,"Satellite/LEOSAT6/Transmitter/LEO_Transmitter",15.000,0.3561,13.405,260.322,67.914,2326.275817,0.000,0.000,15.000,-169.899,0.0000,1.000000,183.3028,0.9999,-123.941502,17.1633,0.000,0.0000,183.3028,0.0000,0.0000
10 Aug 2024 07:26:08.000,0,2,"Satellite/LEOSAT3/Transmitter/LEO_Transmitter",15.000,1.9011,14.950,150.179,58.906,1103.277803,0.000,0.000,15.000,-161.875,0.0000,1.000000,176.8233,0.9997,-115.889032,9.1399,0.000,0.0000,176.8233,0.0000,0.0000
10 Aug 2024 07:26:08.000,0,5,"Satellite/LEOSAT6/Transmitter/LEO_Transmitter",15.000,0.3420,13.391,250.938,68.002,2447.349601,0.000,0.000,15.000,-170.354,0.0000,1.000000,183.7435,0.9999,-124.389194,17.6184,0.000,0.0000,183.7435,0.0000,0.0000
10 Aug 2024 07:27:08.000,0,2,"Satellite/LEOSAT3/Transmitter/LEO_Transmitter",15.000,0.9738,14.022,158.059,64.158,1459.337452,0.000,0.000,15.000,-165.232,0.0000,1.000000,179.2527,0.9996,-119.241419,12.4968,0.000,0.0000,179.2527,0.0000,0.0000
10 Aug 2024 07:28:08.000,0,2,"Satellite/LEOSAT3/Transmitter/LEO_Transmitter",15.000,0.5491,13.598,162.387,66.717,1840.921601,0.000,0.000,15.000,-167.674,0.0000,1.000000,181.2703,0.9996,-121.681837,14.9392,0.000,0.0000,181.2703,0.0000,0.0000
10 Aug 2024 07:29:08.000,0,2,"Satellite/LEOSAT3/Transmitter/LEO_Transmitter",15.000,0.3744,13.423,165.077,67.800,2233.798009,0.000,0.000,15.000,-169.529,0.0000,1.000000,182.9505,0.9996,-123.535901,16.7941,0.000,0.0000,182.9505,0.0000,0.0000
10 Aug 2024 09:02:14.000,0,2,"Satellite/LEOSAT3/Transmitter/LEO_Transmitter",15.000,0.3373,13.386,80.096,68.031,2574.908830,0.000,0.000,15.000,-170.799,0.0000,1.000000,184.1848,1.0000,-124.846642,18.0638,0.000,0.0000,184.1848,0.0000,0.0000
10 Aug 2024 09:03:14.000,0,2,"Satellite/LEOSAT3/Transmitter/LEO_Transmitter",15.000,0.3374,13.386,89.091,68.031,2555.869708,0.000,0.000,15.000,-170.734,0.0000,1.000000,184.1204,1.0000,-124.786387,17.9991,0.000,0.0000,184.1204,0.0000,0.0000
10 Aug 2024 10:05:46.000,0,0,"Satellite/LEOSAT1/Transmitter/LEO_Transmitter",15.000,0.3373,13.386,29.018,68.031,2571.508915,0.000,0.000,15.000,-170.789,0.0000,1.000000,184.1734,0.9996,-124.799569,18.0536,0.000,0.0000,184.1734,0.0000,0.0000
10 Aug 2024 10:06:46.000,0,0,"Satellite/LEOSAT1/Transmitter/LEO_Transmitter",15.000,0.3788,13.427,33.653,67.772,2215.541412,0.000,0.000,15.000,-169.453,0.0000,1.000000,182.8792,0.9997,-123.465760,16.7179,0.000,0.0000,182.8792,0.0000,0.0000
10 Aug 2024 10:07:46.000,0,0,"Satellite/LEOSAT1/Transmitter/LEO_Transmitter",15.000,0.5223,13.571,40.184,66.882,1880.916333,0.000,0.000,15.000,-167.888,0.0000,1.000000,181.4570,0.9997,-121.903289,15.1521,0.000,0.0000,181.4570,0.0000,0.0000
10 Aug 2024 10:08:46.000,0,0,"Satellite/LEOSAT1/Transmitter/LEO_Transmitter",15.000,0.7952,13.844,49.674,65.222,1583.145764,0.000,0.000,15.000,-166.117,0.0000,1.000000,179.9600,0.9997,-120.138841,13.3820,0.000,0.0000,179.9600,0.0000,0.0000
10 Aug 2024 10:09:46.000,0,0,"Satellite/LEOSAT1/Transmitter/LEO_Transmitter",15.000,1.1819,14.230,63.571,62.940,1348.623068,0.000,0.000,15.000,-164.338,0.0000,1.000000,178.5674,0.9998,-118.368775,11.6024,0.000,0.0000,178.5674,0.0000,0.0000
10 Aug 2024 10:09:46.000,0,3,"Satellite/LEOSAT4/Transmitter/LEO_Transmitter",15.000,0.3378,13.386,339.867,68.029,2534.006742,0.000,0.000,15.000,-170.661,0.0000,1.000000,184.0458,0.9996,-124.668737,17.9257,0.000,0.0000,184.0458,0.0000,0.0000
10 Aug 2024 10:10:46.000,0,0,"Satellite/LEOSAT1/Transmitter/LEO_Transmitter",15.000,1.5151,14.564,82.639,61.038,1215.892734,0.000,0.000,15.000,-163.104,0.0000,1.000000,177.6675,0.9999,-117.149570,10.3687,0.000,0.0000,177.6675,0.0000,0.0000
10 Aug 2024 10:10:46.000,0,3,"Satellite/LEOSAT4/Transmitter/LEO_Transmitter",15.000,0.3973,13.446,336.664,67.657,2149.899781,0.000,0.000,15.000,-169.174,0.0000,1.000000,182.6180,0.9996,-123.182356,16.4383,0.000,0.0000,182.6180,0.0000,0.0000
10 Aug 2024 10:11:46.000,0,0,"Satellite/LEOSAT1/Transmitter/LEO_Transmitter",15.000,1.5047,14.553,104.261,61.096,1219.432181,0.000,0.000,15.000,-163.140,0.0000,1.000000,177.6928,0.9999,-117.184415,10.4044,0.000,0.0000,177.6928,0.0000,0.0000
10 Aug 2024 10:11:46.000,0,3,"Satellite/LEOSAT4/Transmitter/LEO_Transmitter",15.000,0.5972,13.646,331.933,66.423,1777.523174,0.000,0.000,15.000,-167.322,0.0000,1.000000,180.9659,0.9996,-121.332292,14.5863,0.000,0.0000,180.9659,0.0000,0.0000
10 Aug 2024 10:12:46.000,0,0,"Satellite/LEOSAT1/Transmitter/LEO_Transmitter",15.000,1.1614,14.210,123.119,63.059,1358.326175,0.000,0.000,15.000,-164.421,0.0000,1.000000,178.6297,0.9998,-118.450879,11.6851,0.000,0.0000,178.6297,0.0000,0.0000
10 Aug 2024 10:12:46.000,0,3,"Satellite/LEOSAT4/Transmitter/LEO_Transmitter",15.000,1.0269,14.075,324.454,63.845,1428.288185,0.000,0.000,15.000,-164.992,0.0000,1.000000,179.0659,0.9997,-119.006180,12.2564,0.000,0.0000,179.0659,0.0000,0.0000
10 Aug 2024 10:13:46.000,0,0,"Satellite/LEOSAT1/Transmitter/LEO_Transmitter",15.000,0.7777,13.826,136.796,65.327,1597.335976,0.000,0.000,15.000,-166.213,0.0000,1.000000,180.0375,0.9997,-120.233434,13.4770,0.000,0.0000,180.0375,0.0000,0.0000
10 Aug 2024 10:13:46.000,0,3,"Satellite/LEOSAT4/Transmitter/LEO_Transmitter",15.000,1.8130,14.862,311.655,59.386,1126.134975,0.000,0.000,15.000,-162.141,0.0000,1.000000,177.0014,0.9997,-116.163177,9.4055,0.000,0.0000,177.0014,0.0000,0.0000
10 Aug 2024 10:14:46.000,0,0,"Satellite/LEOSAT1/Transmitter/LEO_Transmitter",15.000,0.5113,13.560,146.143,66.950,1898.386473,0.000,0.000,15.000,-167.979,0.0000,1.000000,181.5373,0.9997,-121.994225,15.2434,0.000,0.0000,181.5373,0.0000,0.0000
10 Aug 2024 10:14:46.000,0,3,"Satellite/LEOSAT4/Transmitter/LEO_Transmitter",15.000,2.8729,15.921,289.017,53.862,920.617863,0.000,0.000,15.000,-159.330,0.0000,1.000000,175.2512,0.9999,-113.368097,6.5948,0.000,0.0000,175.2512,0.0000,0.0000
10 Aug 2024 10:15:46.000,0,0,"Satellite/LEOSAT1/Transmitter/LEO_Transmitter",15.000,0.3739,13.422,152.599,67.802,2235.701546,0.000,0.000,15.000,-169.537,0.0000,1.000000,182.9579,0.9997,-123.549040,16.8015,0.000,0.0000,182.9579,0.0000,0.0000
10 Aug 2024 10:15:46.000,0,3,"Satellite/LEOSAT4/Transmitter/LEO_Transmitter",15.000,3.1569,16.205,256.719,52.472,883.213307,0.000,0.000,15.000,-158.686,0.0000,1.000000,174.8909,0.9999,-112.731905,5.9503,0.000,0.0000,174.8909,0.0000,0.0000
10 Aug 2024 10:16:46.000,0,3,"Satellite/LEOSAT4/Transmitter/LEO_Transmitter",15.000,2.2131,15.262,229.519,57.237,1032.617792,0.000,0.000,15.000,-160.988,0.0000,1.000000,176.2484,0.9998,-115.014697,8.2522,0.000,0.0000,176.2484,0.0000,0.0000
10 Aug 2024 10:17:46.000,0,3,"Satellite/LEOSAT4/Transmitter/LEO_Transmitter",15.000,1.2777,14.326,213.535,62.387,1305.880296,0.000,0.000,15.000,-163.963,0.0000,1.000000,178.2877,0.9997,-117.979402,11.2273,0.000,0.0000,178.2877,0.0000,0.0000
10 Aug 2024 10:18:46.000,0,3,"Satellite/LEOSAT4/Transmitter/LEO_Transmitter",15.000,0.7265,13.775,204.412,65.636,1641.577954,0.000,0.000,15.000,-166.501,0.0000,1.000000,180.2748,0.9996,-120.512941,13.7659,0.000,0.0000,180.2748,0.0000,0.0000
10 Aug 2024 10:19:46.000,0,3,"Satellite/LEOSAT4/Transmitter/LEO_Transmitter",15.000,0.4524,13.501,198.795,67.314,2007.701924,0.000,0.000,15.000,-168.524,0.0000,1.000000,182.0236,0.9996,-122.533366,15.7888,0.000,0.0000,182.0236,0.0000,0.0000
10 Aug 2024 10:20:46.000,0,3,"Satellite/LEOSAT4/Transmitter/LEO_Transmitter",15.000,0.3475,13.396,195.063,67.968,2389.219125,0.000,0.000,15.000,-170.140,0.0000,1.000000,183.5347,0.9996,-124.148141,17.4049,0.000,0.0000,183.5347,0.0000,0.0000
10 Aug 2024 11:44:20.000,0,0,"Satellite/LEOSAT1/Transmitter/LEO_Transmitter",15.000,0.3373,13.386,337.366,68.031,2574.408053,0.000,0.000,15.000,-170.799,0.0000,1.000000,184.1832,0.9996,-124.808965,18.0633,0.000,0.0000,184.1832,0.0000,0.0000
10 Aug 2024 11:45:20.000,0,0,"Satellite/LEOSAT1/Transmitter/LEO_Transmitter",15.000,0.3789,13.427,332.715,67.771,2215.089160,0.000,0.000,15.000,-169.451,0.0000,1.000000,182.8774,0.9996,-123.463500,16.7159,0.000,0.0000,182.8774,0.0000,0.0000
10 Aug 2024 11:46:20.000,0,0,"Satellite/LEOSAT1/Transmitter/LEO_Transmitter",15.000,0.5246,13.573,326.168,66.868,1877.277283,0.000,0.000,15.000,-167.868,0.0000,1.000000,181.4402,0.9997,-121.883773,15.1328,0.000,0.0000,181.4402,0.0000,0.0000
10 Aug 2024 11:47:20.000,0,0,"Satellite/LEOSAT1/Transmitter/LEO_Transmitter",15.000,0.8035,13.852,316.644,65.172,1576.545788,0.000,0.000,15.000,-166.073,0.0000,1.000000,179.9237,0.9997,-120.093903,13.3373,0.000,0.0000,179.9237,0.0000,0.0000
10 Aug 2024 11:48:20.000,0,0,"Satellite/LEOSAT1/Transmitter/LEO_Transmitter",15.000,1.2014,14.250,302.647,62.827,1339.571726,0.000,0.000,15.000,-164.260,0.0000,1.000000,178.5089,0.9998,-118.290568,11.5242,0.000,0.0000,178.5089,0.0000,0.0000
10 Aug 2024 11:49:20.000,0,0,"Satellite/LEOSAT1/Transmitter/LEO_Transmitter",15.000,1.5458,14.594,283.356,60.865,1205.594183,0.000,0.000,15.000,-163.000,0.0000,1.000000,177.5936,0.9999,-117.044910,10.2640,0.000,0.0000,177.5936,0.0000,0.0000
10 Aug 2024 11:49:20.000,0,3,"Satellite/LEOSAT4/Transmitter/LEO_Transmitter",15.000,0.3395,13.388,33.568,68.018,2487.440044,0.000,0.000,15.000,-170.498,0.0000,1.000000,183.8847,0.9997,-124.512987,17.7625,0.000,0.0000,183.8847,0.0000,0.0000
10 Aug 2024 11:50:20.000,0,0,"Satellite/LEOSAT1/Transmitter/LEO_Transmitter",15.000,1.5333,14.582,261.466,60.935,1209.747663,0.000,0.000,15.000,-163.042,0.0000,1.000000,177.6235,0.9999,-117.086368,10.3064,0.000,0.0000,177.6235,0.0000,0.0000
10 Aug 2024 11:50:20.000,0,3,"Satellite/LEOSAT4/Transmitter/LEO_Transmitter",15.000,0.3897,13.438,40.064,67.704,2175.255603,0.000,0.000,15.000,-169.283,0.0000,1.000000,182.7198,0.9997,-123.301348,16.5473,0.000,0.0000,182.7198,0.0000,0.0000
10 Aug 2024 11:51:20.000,0,0,"Satellite/LEOSAT1/Transmitter/LEO_Transmitter",15.000,1.1777,14.226,242.472,62.964,1350.586465,0.000,0.000,15.000,-164.355,0.0000,1.000000,178.5801,0.9998,-118.384734,11.6191,0.000,0.0000,178.5801,0.0000,0.0000
10 Aug 2024 11:51:20.000,0,3,"Satellite/LEOSAT4/Transmitter/LEO_Transmitter",15.000,0.5098,13.558,48.763,66.959,1900.857937,0.000,0.000,15.000,-167.991,0.0000,1.000000,181.5486,0.9998,-122.015357,15.2558,0.000,0.0000,181.5486,0.0000,0.0000
10 Aug 2024 11:52:20.000,0,0,"Satellite/LEOSAT1/Transmitter/LEO_Transmitter",15.000,0.7846,13.833,228.801,65.286,1591.647041,0.000,0.000,15.000,-166.175,0.0000,1.000000,180.0065,0.9997,-120.195281,13.4390,0.000,0.0000,180.0065,0.0000,0.0000
10 Aug 2024 11:52:20.000,0,3,"Satellite/LEOSAT4/Transmitter/LEO_Transmitter",15.000,0.6818,13.730,60.299,65.907,1684.018178,0.000,0.000,15.000,-166.767,0.0000,1.000000,180.4965,0.9998,-120.799175,14.0313,0.000,0.0000,180.4965,0.0000,0.0000
10 Aug 2024 11:53:20.000,0,0,"Satellite/LEOSAT1/Transmitter/LEO_Transmitter",15.000,0.5139,13.562,219.519,66.934,1894.184360,0.000,0.000,15.000,-167.957,0.0000,1.000000,181.5181,0.9997,-121.972251,15.2214,0.000,0.0000,181.5181,0.0000,0.0000
10 Aug 2024 11:53:20.000,0,3,"Satellite/LEOSAT4/Transmitter/LEO_Transmitter",15.000,0.8384,13.887,74.814,64.963,1549.934503,0.000,0.000,15.000,-165.889,0.0000,1.000000,179.7759,0.9999,-119.932796,13.1537,0.000,0.0000,179.7759,0.0000,0.0000
10 Aug 2024 11:54:20.000,0,0,"Satellite/LEOSAT1/Transmitter/LEO_Transmitter",15.000,0.3747,13.423,213.145,67.797,2232.292925,0.000,0.000,15.000,-169.523,0.0000,1.000000,182.9446,0.9996,-123.534933,16.7873,0.000,0.0000,182.9446,0.0000,0.0000
10 Aug 2024 11:54:20.000,0,3,"Satellite/LEOSAT4/Transmitter/LEO_Transmitter",15.000,0.8786,13.927,91.120,64.723,1521.047825,0.000,0.000,15.000,-165.685,0.0000,1.000000,179.6125,1.0000,-119.735568,12.9498,0.000,0.0000,179.6125,0.0000,0.0000
10 Aug 2024 11:55:20.000,0,3,"Satellite/LEOSAT4/Transmitter/LEO_Transmitter",15.000,0.7709,13.819,106.791,65.368,1602.986592,0.000,0.000,15.000,-166.249,0.0000,1.000000,180.0682,0.9999,-120.287083,13.5138,0.000,0.0000,180.0682,0.0000,0.0000
10 Aug 2024 11:56:20.000,0,3,"Satellite/LEOSAT4/Transmitter/LEO_Transmitter",15.000,0.5951,13.644,119.874,66.435,1780.060483,0.000,0.000,15.000,-167.336,0.0000,1.000000,180.9783,0.9998,-121.363530,14.6000,0.000,0.0000,180.9783,0.0000,0.0000
10 Aug 2024 11:57:20.000,0,3,"Satellite/LEOSAT4/Transmitter/LEO_Transmitter",15.000,0.4437,13.492,129.925,67.368,2026.752259,0.000,0.000,15.000,-168.615,0.0000,1.000000,182.1056,0.9997,-122.635755,15.8790,0.000,0.0000,182.1056,0.0000,0.0000
10 Aug 2024 11:58:20.000,0,3,"Satellite/LEOSAT4/Transmitter/LEO_Transmitter",15.000,0.3572,13.406,137.426,67.907,2320.023754,0.000,0.000,15.000,-169.875,0.0000,1.000000,183.2795,0.9997,-123.891866,17.1395,0.000,0.0000,183.2795,0.0000,0.0000
10 Aug 2024 12:59:12.000,0,1,"Satellite/LEOSAT2/Transmitter/LEO_Transmitter",15.000,0.3373,13.386,62.678,68.031,2575.188926,0.000,0.000,15.000,-170.801,0.0000,1.000000,184.1858,0.9998,-124.830409,18.0651,0.000,0.0000,184.1858,0.0000,0.0000
10 Aug 2024 13:00:12.000,0,1,"Satellite/LEOSAT2/Transmitter/LEO_Transmitter",15.000,0.3464,13.395,71.061,67.974,2398.884017,0.000,0.000,15.000,-170.175,0.0000,1.000000,183.5698,0.9999,-124.211347,17.4398,0.000,0.0000,183.5698,0.0000,0.0000
10 Aug 2024 13:01:12.000,0,1,"Satellite/LEOSAT2/Transmitter/LEO_Transmitter",15.000,0.3641,13.413,80.642,67.864,2281.306214,0.000,0.000,15.000,-169.721,0.0000,1.000000,183.1333,0.9999,-123.764407,16.9853,0.000,0.0000,183.1333,0.0000,0.0000
10 Aug 2024 13:02:12.000,0,1,"Satellite/LEOSAT2/Transmitter/LEO_Transmitter",15.000,0.3747,13.423,91.019,67.798,2232.435571,0.000,0.000,15.000,-169.522,0.0000,1.000000,182.9452,1.0000,-123.573943,16.7863,0.000,0.0000,182.9452,0.0000,0.0000
10 Aug 2024 13:03:12.000,0,1,"Satellite/LEOSAT2/Transmitter/LEO_Transmitter",15.000,0.3691,13.418,101.531,67.832,2257.118060,0.000,0.000,15.000,-169.623,0.0000,1.000000,183.0407,0.9999,-123.669483,16.8876,0.000,0.0000,183.0407,0.0000,0.0000
10 Aug 2024 13:03:12.000,0,4,"Satellite/LEOSAT5/Transmitter/LEO_Transmitter",15.000,0.3420,13.391,305.100,68.002,2447.454478,0.000,0.000,15.000,-170.354,0.0000,1.000000,183.7439,0.9998,-124.378443,17.6188,0.000,0.0000,183.7439,0.0000,0.0000
10 Aug 2024 13:04:12.000,0,1,"Satellite/LEOSAT2/Transmitter/LEO_Transmitter",15.000,0.3521,13.401,111.466,67.939,2353.119062,0.000,0.000,15.000,-170.002,0.0000,1.000000,183.4025,0.9999,-124.040588,17.2667,0.000,0.0000,183.4025,0.0000,0.0000
10 Aug 2024 13:04:12.000,0,4,"Satellite/LEOSAT5/Transmitter/LEO_Transmitter",15.000,0.3774,13.426,296.738,67.781,2221.130002,0.000,0.000,15.000,-169.476,0.0000,1.000000,182.9011,0.9998,-123.505761,16.7403,0.000,0.0000,182.9011,0.0000,0.0000
10 Aug 2024 13:05:12.000,0,1,"Satellite/LEOSAT2/Transmitter/LEO_Transmitter",15.000,0.3384,13.387,120.317,68.025,2512.083282,0.000,0.000,15.000,-170.584,0.0000,1.000000,183.9703,0.9998,-124.615553,17.8485,0.000,0.0000,183.9703,0.0000,0.0000
10 Aug 2024 13:05:12.000,0,4,"Satellite/LEOSAT5/Transmitter/LEO_Transmitter",15.000,0.4329,13.481,286.584,67.435,2051.930789,0.000,0.000,15.000,-168.732,0.0000,1.000000,182.2129,0.9999,-122.769540,15.9964,0.000,0.0000,182.2129,0.0000,0.0000
10 Aug 2024 13:06:12.000,0,4,"Satellite/LEOSAT5/Transmitter/LEO_Transmitter",15.000,0.4784,13.527,274.889,67.153,1955.686103,0.000,0.000,15.000,-168.269,0.0000,1.000000,181.7956,0.9999,-122.315774,15.5332,0.000,0.0000,181.7956,0.0000,0.0000
10 Aug 2024 13:07:12.000,0,4,"Satellite/LEOSAT5/Transmitter/LEO_Transmitter",15.000,0.4848,13.533,262.458,67.113,1943.856764,0.000,0.000,15.000,-168.210,0.0000,1.000000,181.7429,1.0000,-122.259309,15.4740,0.000,0.0000,181.7429,0.0000,0.0000
10 Aug 2024 13:08:12.000,0,4,"Satellite/LEOSAT5/Transmitter/LEO_Transmitter",15.000,0.4476,13.496,250.440,67.344,2018.153298,0.000,0.000,15.000,-168.573,0.0000,1.000000,182.0687,0.9999,-122.612949,15.8374,0.000,0.0000,182.0687,0.0000,0.0000
10 Aug 2024 13:09:12.000,0,4,"Satellite/LEOSAT5/Transmitter/LEO_Transmitter",15.000,0.3913,13.440,239.783,67.694,2169.635098,0.000,0.000,15.000,-169.258,0.0000,1.000000,182.6973,0.9998,-123.289857,16.5226,0.000,0.0000,182.6973,0.0000,0.0000
10 Aug 2024 13:10:12.000,0,4,"Satellite/LEOSAT5/Transmitter/LEO_Transmitter",15.000,0.3482,13.397,230.888,67.963,2383.238329,0.000,0.000,15.000,-170.117,0.0000,1.000000,183.5130,0.9998,-124.142450,17.3816,0.000,0.0000,183.5130,0.0000,0.0000
10 Aug 2024 14:35:11.000,0,1,"Satellite/LEOSAT2/Transmitter/LEO_Transmitter",15.000,0.3373,13.386,4.787,68.031,2571.318286,0.000,0.000,15.000,-170.789,0.0000,1.000000,184.1727,0.9996,-124.794067,18.0529,0.000,0.0000,184.1727,0.0000,0.0000
10 Aug 2024 14:36:11.000,0,1,"Satellite/LEOSAT2/Transmitter/LEO_Transmitter",15.000,0.3924,13.441,5.092,67.687,2165.865290,0.000,0.000,15.000,-169.243,0.0000,1.000000,182.6822,0.9996,-123.248603,16.5073,0.000,0.0000,182.6822,0.0000,0.0000
10 Aug 2024 14:37:11.000,0,1,"Satellite/LEOSAT2/Transmitter/LEO_Transmitter",15.000,0.6093,13.658,5.568,66.348,1762.800750,0.000,0.000,15.000,-167.238,0.0000,1.000000,180.8937,0.9996,-121.243611,14.5019,0.000,0.0000,180.8937,0.0000,0.0000
10 Aug 2024 14:38:11.000,0,1,"Satellite/LEOSAT2/Transmitter/LEO_Transmitter",15.000,1.1443,14.193,6.380,63.158,1366.638684,0.000,0.000,15.000,-164.492,0.0000,1.000000,178.6827,0.9996,-118.498887,11.7559,0.000,0.0000,178.6827,0.0000,0.0000
10 Aug 2024 14:39:11.000,0,1,"Satellite/LEOSAT2/Transmitter/LEO_Transmitter",15.000,2.4455,15.494,8.018,56.025,988.337290,0.000,0.000,15.000,-160.375,0.0000,1.000000,175.8677,0.9996,-114.385967,7.6396,0.000,0.0000,175.8677,0.0000,0.0000
10 Aug 2024 14:40:11.000,0,1,"Satellite/LEOSAT2/Transmitter/LEO_Transmitter",15.000,5.1291,18.178,12.857,39.198,662.192101,0.000,0.000,15.000,-154.213,0.0000,1.000000,172.3893,0.9997,-108.234040,1.4771,0.000,0.0000,172.3893,0.0000,0.0000
10 Aug 2024 14:40:11.000,0,4,"Satellite/LEOSAT5/Transmitter/LEO_Transmitter",15.000,0.3681,13.417,5.016,67.839,2261.975349,0.000,0.000,15.000,-169.645,0.0000,1.000000,183.0594,0.9996,-123.650431,16.9088,0.000,0.0000,183.0594,0.0000,0.0000
10 Aug 2024 14:41:11.000,0,1,"Satellite/LEOSAT2/Transmitter/LEO_Transmitter",15.000,26.2663,39.315,87.829,8.194,504.995732,0.000,0.000,15.000,-130.721,0.0000,1.000000,170.0354,1.0000,-84.773245,-22.0152,0.000,0.0000,170.0354,0.0000,0.0000
10 Aug 2024 14:41:11.000,0,4,"Satellite/LEOSAT5/Transmitter/LEO_Transmitter",15.000,0.5344,13.583,6.856,66.808,1862.387373,0.000,0.000,15.000,-167.790,0.0000,1.000000,181.3710,0.9996,-121.796351,15.0541,0.000,0.0000,181.3710,0.0000,0.0000
10 Aug 2024 14:42:11.000,0,1,"Satellite/LEOSAT2/Transmitter/LEO_Transmitter",15.000,5.1291,18.178,172.821,38.379,653.581450,0.000,0.000,15.000,-154.099,0.0000,1.000000,172.2756,0.9997,-108.120929,1.3634,0.000,0.0000,172.2756,0.0000,0.0000
10 Aug 2024 14:42:11.000,0,4,"Satellite/LEOSAT5/Transmitter/LEO_Transmitter",15.000,0.9551,14.004,9.799,64.269,1470.824201,0.000,0.000,15.000,-165.319,0.0000,1.000000,179.3208,0.9996,-119.326825,12.5832,0.000,0.0000,179.3208,0.0000,0.0000
10 Aug 2024 14:43:11.000,0,1,"Satellite/LEOSAT2/Transmitter/LEO_Transmitter",15.000,2.5112,15.560,177.905,55.687,976.869957,0.000,0.000,15.000,-160.208,0.0000,1.000000,175.7663,0.9996,-114.219052,7.4725,0.000,0.0000,175.7663,0.0000,0.0000
10 Aug 2024 14:43:11.000,0,4,"Satellite/LEOSAT5/Transmitter/LEO_Transmitter",15.000,1.9211,14.970,15.221,58.797,1098.295748,0.000,0.000,15.000,-161.816,0.0000,1.000000,176.7840,0.9996,-115.827288,9.0802,0.000,0.0000,176.7840,0.0000,0.0000
10 Aug 2024 14:44:11.000,0,1,"Satellite/LEOSAT2/Transmitter/LEO_Transmitter",15.000,1.1698,14.218,179.607,63.010,1354.335974,0.000,0.000,15.000,-164.388,0.0000,1.000000,178.6041,0.9996,-118.394899,11.6518,0.000,0.0000,178.6041,0.0000,0.0000
10 Aug 2024 14:44:11.000,0,4,"Satellite/LEOSAT5/Transmitter/LEO_Transmitter",15.000,4.2658,17.314,27.994,47.377,775.278277,0.000,0.000,15.000,-156.446,0.0000,1.000000,173.7588,0.9997,-110.466400,3.7099,0.000,0.0000,173.7588,0.0000,0.0000
10 Aug 2024 14:45:11.000,0,1,"Satellite/LEOSAT2/Transmitter/LEO_Transmitter",15.000,0.6200,13.669,180.463,66.283,1750.275352,0.000,0.000,15.000,-167.165,0.0000,1.000000,180.8317,0.9996,-121.170993,14.4292,0.000,0.0000,180.8317,0.0000,0.0000
10 Aug 2024 14:45:11.000,0,4,"Satellite/LEOSAT5/Transmitter/LEO_Transmitter",15.000,5.1291,18.178,71.071,31.076,591.664543,0.000,0.000,15.000,-153.234,0.0000,1.000000,171.4111,0.9999,-107.279811,0.4980,0.000,0.0000,171.4111,0.0000,0.0000
10 Aug 2024 14:46:11.000,0,1,"Satellite/LEOSAT2/Transmitter/LEO_Transmitter",15.000,0.3962,13.445,180.984,67.663,2153.368960,0.000,0.000,15.000,-169.189,0.0000,1.000000,182.6320,0.9996,-123.194542,16.4533,0.000,0.0000,182.6320,0.0000,0.0000
10 Aug 2024 14:46:11.000,0,4,"Satellite/LEOSAT5/Transmitter/LEO_Transmitter",15.000,5.1291,18.178,134.614,40.255,673.913232,0.000,0.000,15.000,-154.365,0.0000,1.000000,172.5417,0.9998,-108.393705,1.6292,0.000,0.0000,172.5417,0.0000,0.0000
10 Aug 2024 14:47:11.000,0,1,"Satellite/LEOSAT2/Transmitter/LEO_Transmitter",15.000,0.3374,13.386,181.339,68.031,2558.989026,0.000,0.000,15.000,-170.747,0.0000,1.000000,184.1310,0.9996,-124.752237,18.0111,0.000,0.0000,184.1310,0.0000,0.0000
10 Aug 2024 14:47:11.000,0,4,"Satellite/LEOSAT5/Transmitter/LEO_Transmitter",15.000,2.6412,15.690,154.980,55.024,955.378355,0.000,0.000,15.000,-159.885,0.0000,1.000000,175.5731,0.9997,-113.898948,7.1491,0.000,0.0000,175.5731,0.0000,0.0000
10 Aug 2024 14:48:11.000,0,4,"Satellite/LEOSAT5/Transmitter/LEO_Transmitter",15.000,1.2612,14.310,162.395,62.482,1312.937483,0.000,0.000,15.000,-164.026,0.0000,1.000000,178.3345,0.9996,-118.035448,11.2907,0.000,0.0000,178.3345,0.0000,0.0000
10 Aug 2024 14:49:11.000,0,4,"Satellite/LEOSAT5/Transmitter/LEO_Transmitter",15.000,0.6678,13.716,166.078,65.992,1698.194117,0.000,0.000,15.000,-166.855,0.0000,1.000000,180.5694,0.9996,-120.861741,14.1190,0.000,0.0000,180.5694,0.0000,0.0000
10 Aug 2024 14:50:11.000,0,4,"Satellite/LEOSAT5/Transmitter/LEO_Transmitter",15.000,0.4161,13.465,168.248,67.540,2094.762362,0.000,0.000,15.000,-168.929,0.0000,1.000000,182.3923,0.9996,-122.935632,16.1937,0.000,0.0000,182.3923,0.0000,0.0000
10 Aug 2024 14:51:11.000,0,4,"Satellite/LEOSAT5/Transmitter/LEO_Transmitter",15.000,0.3391,13.388,169.663,68.021,2495.997397,0.000,0.000,15.000,-170.529,0.0000,1.000000,183.9145,0.9996,-124.534519,17.7930,0.000,0.0000,183.9145,0.0000,0.0000
10 Aug 2024 16:16:22.000,0,1,"Satellite/LEOSAT2/Transmitter/LEO_Transmitter",15.000,0.3373,13.386,306.165,68.031,2571.478947,0.000,0.000,15.000,-170.788,0.0000,1.000000,184.1733,0.9998,-124.815559,18.0526,0.000,0.0000,184.1733,0.0000,0.0000
10 Aug 2024 16:17:22.000,0,1,"Satellite/LEOSAT2/Transmitter/LEO_Transmitter",15.000,0.3493,13.398,297.861,67.956,2374.004730,0.000,0.000,15.000,-170.082,0.0000,1.000000,183.4792,0.9998,-124.115422,17.3464,0.000,0.0000,183.4792,0.0000,0.0000
10 Aug 2024 16:18:22.000,0,1,"Satellite/LEOSAT2/Transmitter/LEO_Transmitter",15.000,0.3742,13.423,288.196,67.801,2234.593706,0.000,0.000,15.000,-169.531,0.0000,1.000000,182.9536,0.9999,-123.572203,16.7956,0.000,0.0000,182.9536,0.0000,0.0000
10 Aug 2024 16:19:22.000,0,1,"Satellite/LEOSAT2/Transmitter/LEO_Transmitter",15.000,0.3927,13.441,277.519,67.685,2164.913104,0.000,0.000,15.000,-169.237,0.0000,1.000000,182.6784,1.0000,-123.286935,16.5016,0.000,0.0000,182.6784,0.0000,0.0000
10 Aug 2024 16:20:22.000,0,1,"Satellite/LEOSAT2/Transmitter/LEO_Transmitter",15.000,0.3907,13.439,266.515,67.698,2171.785929,0.000,0.000,15.000,-169.267,0.0000,1.000000,182.7059,1.0000,-123.314952,16.5312,0.000,0.0000,182.7059,0.0000,0.0000
10 Aug 2024 16:21:22.000,0,1,"Satellite/LEOSAT2/Transmitter/LEO_Transmitter",15.000,0.3697,13.418,256.001,67.829,2254.304238,0.000,0.000,15.000,-169.612,0.0000,1.000000,183.0299,0.9999,-123.651599,16.8764,0.000,0.0000,183.0299,0.0000,0.0000
10 Aug 2024 16:22:22.000,0,1,"Satellite/LEOSAT2/Transmitter/LEO_Transmitter",15.000,0.3459,13.394,246.607,67.978,2404.214200,0.000,0.000,15.000,-170.195,0.0000,1.000000,183.5891,0.9998,-124.227693,17.4598,0.000,0.0000,183.5891,0.0000,0.0000
10 Aug 2024 16:22:22.000,0,4,"Satellite/LEOSAT5/Transmitter/LEO_Transmitter",15.000,0.3374,13.386,69.360,68.031,2560.494243,0.000,0.000,15.000,-170.751,0.0000,1.000000,184.1361,0.9999,-124.789504,18.0150,0.000,0.0000,184.1361,0.0000,0.0000
10 Aug 2024 16:23:22.000,0,4,"Satellite/LEOSAT5/Transmitter/LEO_Transmitter",15.000,0.3406,13.389,78.352,68.011,2466.747728,0.000,0.000,15.000,-170.423,0.0000,1.000000,183.8121,0.9999,-124.469259,17.6875,0.000,0.0000,183.8121,0.0000,0.0000
10 Aug 2024 16:24:22.000,0,4,"Satellite/LEOSAT5/Transmitter/LEO_Transmitter",15.000,0.3428,13.391,87.828,67.997,2437.336334,0.000,0.000,15.000,-170.317,0.0000,1.000000,183.7079,1.0000,-124.369557,17.5810,0.000,0.0000,183.7079,0.0000,0.0000
10 Aug 2024 16:25:22.000,0,4,"Satellite/LEOSAT5/Transmitter/LEO_Transmitter",15.000,0.3402,13.389,97.259,68.014,2474.492721,0.000,0.000,15.000,-170.451,0.0000,1.000000,183.8393,0.9999,-124.496118,17.7152,0.000,0.0000,183.8393,0.0000,0.0000
10 Aug 2024 16:26:22.000,0,4,"Satellite/LEOSAT5/Transmitter/LEO_Transmitter",15.000,0.3373,13.386,106.130,68.031,2575.022626,0.000,0.000,15.000,-170.800,0.0000,1.000000,184.1852,0.9999,-124.838005,18.0642,0.000,0.0000,184.1852,0.0000,0.0000
10 Aug 2024 17:27:12.000,0,2,"Satellite/LEOSAT3/Transmitter/LEO_Transmitter",15.000,0.3373,13.386,32.139,68.031,2572.180093,0.000,0.000,15.000,-170.791,0.0000,1.000000,184.1756,0.9996,-124.803046,18.0557,0.000,0.0000,184.1756,0.0000,0.0000
10 Aug 2024 17:28:12.000,0,2,"Satellite/LEOSAT3/Transmitter/LEO_Transmitter",15.000,0.3757,13.424,37.255,67.792,2228.376941,0.000,0.000,15.000,-169.507,0.0000,1.000000,182.9294,0.9997,-123.520684,16.7710,0.000,0.0000,182.9294,0.0000,0.0000
10 Aug 2024 17:29:12.000,0,2,"Satellite/LEOSAT3/Transmitter/LEO_Transmitter",15.000,0.5043,13.553,44.347,66.993,1909.895353,0.000,0.000,15.000,-168.038,0.0000,1.000000,181.5898,0.9997,-122.056148,15.3026,0.000,0.0000,181.5898,0.0000,0.0000
10 Aug 2024 17:30:12.000,0,2,"Satellite/LEOSAT3/Transmitter/LEO_Transmitter",15.000,0.7355,13.784,54.360,65.581,1633.421079,0.000,0.000,15.000,-166.449,0.0000,1.000000,180.2316,0.9998,-120.472786,13.7129,0.000,0.0000,180.2316,0.0000,0.0000
10 Aug 2024 17:31:12.000,0,2,"Satellite/LEOSAT3/Transmitter/LEO_Transmitter",15.000,1.0324,14.081,68.336,63.813,1425.212190,0.000,0.000,15.000,-164.967,0.0000,1.000000,179.0472,0.9998,-119.001169,12.2313,0.000,0.0000,179.0472,0.0000,0.0000
10 Aug 2024 17:31:12.000,0,5,"Satellite/LEOSAT6/Transmitter/LEO_Transmitter",15.000,0.3380,13.386,336.631,68.027,2526.712638,0.000,0.000,15.000,-170.636,0.0000,1.000000,184.0207,0.9996,-124.644363,17.9003,0.000,0.0000,184.0207,0.0000,0.0000
10 Aug 2024 17:32:12.000,0,2,"Satellite/LEOSAT3/Transmitter/LEO_Transmitter",15.000,1.2468,14.295,86.318,62.565,1319.195570,0.000,0.000,15.000,-164.081,0.0000,1.000000,178.3758,1.0000,-118.128833,11.3450,0.000,0.0000,178.3758,0.0000,0.0000
10 Aug 2024 17:32:12.000,0,5,"Satellite/LEOSAT6/Transmitter/LEO_Transmitter",15.000,0.3969,13.445,332.842,67.659,2151.268473,0.000,0.000,15.000,-169.180,0.0000,1.000000,182.6235,0.9996,-123.189475,16.4441,0.000,0.0000,182.6235,0.0000,0.0000
10 Aug 2024 17:33:12.000,0,2,"Satellite/LEOSAT3/Transmitter/LEO_Transmitter",15.000,1.1994,14.248,105.690,62.839,1340.476760,0.000,0.000,15.000,-164.267,0.0000,1.000000,178.5148,0.9999,-118.310522,11.5316,0.000,0.0000,178.5148,0.0000,0.0000
10 Aug 2024 17:33:12.000,0,5,"Satellite/LEOSAT6/Transmitter/LEO_Transmitter",15.000,0.5862,13.635,327.312,66.489,1791.131170,0.000,0.000,15.000,-167.399,0.0000,1.000000,181.0322,0.9997,-121.411114,14.6633,0.000,0.0000,181.0322,0.0000,0.0000
10 Aug 2024 17:34:12.000,0,2,"Satellite/LEOSAT3/Transmitter/LEO_Transmitter",15.000,0.9347,13.983,122.531,64.389,1483.674018,0.000,0.000,15.000,-165.414,0.0000,1.000000,179.3964,0.9998,-119.444427,12.6783,0.000,0.0000,179.3964,0.0000,0.0000
10 Aug 2024 17:34:12.000,0,5,"Satellite/LEOSAT6/Transmitter/LEO_Transmitter",15.000,0.9731,14.022,318.778,64.162,1459.793744,0.000,0.000,15.000,-165.235,0.0000,1.000000,179.2554,0.9997,-119.252041,12.4996,0.000,0.0000,179.2554,0.0000,0.0000
10 Aug 2024 17:35:12.000,0,2,"Satellite/LEOSAT3/Transmitter/LEO_Transmitter",15.000,0.6488,13.697,135.162,66.108,1718.239751,0.000,0.000,15.000,-166.975,0.0000,1.000000,180.6713,0.9997,-120.996850,14.2395,0.000,0.0000,180.6713,0.0000,0.0000
10 Aug 2024 17:35:12.000,0,5,"Satellite/LEOSAT6/Transmitter/LEO_Transmitter",15.000,1.6138,14.662,304.926,60.485,1183.736237,0.000,0.000,15.000,-162.773,0.0000,1.000000,177.4347,0.9998,-116.799155,10.0378,0.000,0.0000,177.4347,0.0000,0.0000
10 Aug 2024 17:36:12.000,0,2,"Satellite/LEOSAT3/Transmitter/LEO_Transmitter",15.000,0.4505,13.499,144.141,67.326,2011.835202,0.000,0.000,15.000,-168.544,0.0000,1.000000,182.0415,0.9997,-122.560104,15.8082,0.000,0.0000,182.0415,0.0000,0.0000
10 Aug 2024 17:36:12.000,0,5,"Satellite/LEOSAT6/Transmitter/LEO_Transmitter",15.000,2.3224,15.371,282.898,56.664,1011.020550,0.000,0.000,15.000,-160.694,0.0000,1.000000,176.0648,0.9999,-114.735876,7.9587,0.000,0.0000,176.0648,0.0000,0.0000
10 Aug 2024 17:37:12.000,0,2,"Satellite/LEOSAT3/Transmitter/LEO_Transmitter",15.000,0.3538,13.402,150.542,67.928,2341.517973,0.000,0.000,15.000,-169.959,0.0000,1.000000,183.3596,0.9997,-123.971703,17.2231,0.000,0.0000,183.3596,0.0000,0.0000
10 Aug 2024 17:37:12.000,0,5,"Satellite/LEOSAT6/Transmitter/LEO_Transmitter",15.000,2.3929,15.441,255.075,56.297,997.827759,0.000,0.000,15.000,-160.510,0.0000,1.000000,175.9507,0.9999,-114.554162,7.7740,0.000,0.0000,175.9507,0.0000,0.0000
10 Aug 2024 17:38:12.000,0,5,"Satellite/LEOSAT6/Transmitter/LEO_Transmitter",15.000,1.7273,14.776,231.749,59.857,1149.845342,0.000,0.000,15.000,-162.408,0.0000,1.000000,177.1824,0.9998,-116.435175,9.6719,0.000,0.0000,177.1824,0.0000,0.0000
10 Aug 2024 17:39:12.000,0,5,"Satellite/LEOSAT6/Transmitter/LEO_Transmitter",15.000,1.0519,14.100,216.803,63.698,1414.421299,0.000,0.000,15.000,-164.882,0.0000,1.000000,178.9812,0.9997,-118.899842,12.1464,0.000,0.0000,178.9812,0.0000,0.0000
10 Aug 2024 17:40:12.000,0,5,"Satellite/LEOSAT6/Transmitter/LEO_Transmitter",15.000,0.6288,13.677,207.620,66.229,1740.264529,0.000,0.000,15.000,-167.106,0.0000,1.000000,180.7819,0.9997,-121.118741,14.3705,0.000,0.0000,180.7819,0.0000,0.0000
10 Aug 2024 17:41:12.000,0,5,"Satellite/LEOSAT6/Transmitter/LEO_Transmitter",15.000,0.4148,13.463,201.704,67.547,2098.103520,0.000,0.000,15.000,-168.944,0.0000,1.000000,182.4061,0.9996,-122.954304,16.2088,0.000,0.0000,182.4061,0.0000,0.0000
10 Aug 2024 17:42:12.000,0,5,"Satellite/LEOSAT6/Transmitter/LEO_Transmitter",15.000,0.3403,13.389,197.663,68.013,2473.017166,0.000,0.000,15.000,-170.447,0.0000,1.000000,183.8342,0.9996,-124.455482,17.7114,0.000,0.0000,183.8342,0.0000,0.0000
10 Aug 2024 19:05:32.000,0,2,"Satellite/LEOSAT3/Transmitter/LEO_Transmitter",15.000,0.3373,13.386,340.698,68.031,2573.796323,0.000,0.000,15.000,-170.797,0.0000,1.000000,184.1811,0.9996,-124.805812,18.0614,0.000,0.0000,184.1811,0.0000,0.0000
10 Aug 2024 19:06:32.000,0,2,"Satellite/LEOSAT3/Transmitter/LEO_Transmitter",15.000,0.3820,13.430,336.593,67.752,2203.341919,0.000,0.000,15.000,-169.402,0.0000,1.000000,182.8312,0.9996,-123.412816,16.6668,0.000,0.0000,182.8312,0.0000,0.0000
10 Aug 2024 19:07:32.000,0,2,"Satellite/LEOSAT3/Transmitter/LEO_Transmitter",15.000,0.5426,13.591,330.726,66.757,1850.260473,0.000,0.000,15.000,-167.725,0.0000,1.000000,181.3143,0.9997,-121.737796,14.9891,0.000,0.0000,181.3143,0.0000,0.0000
10 Aug 2024 19:08:32.000,0,2,"Satellite/LEOSAT3/Transmitter/LEO_Transmitter",15.000,0.8681,13.917,321.942,64.786,1528.461527,0.000,0.000,15.000,-165.739,0.0000,1.000000,179.6547,0.9997,-119.757534,13.0039,0.000,0.0000,179.6547,0.0000,0.0000
10 Aug 2024 19:09:32.000,0,2,"Satellite/LEOSAT3/Transmitter/LEO_Transmitter",15.000,1.3823,14.431,308.327,61.789,1263.730081,0.000,0.000,15.000,-163.573,0.0000,1.000000,178.0027,0.9998,-117.599895,10.8373,0.000,0.0000,178.0027,0.0000,0.0000
10 Aug 2024 19:10:32.000,0,2,"Satellite/LEOSAT3/Transmitter/LEO_Transmitter",15.000,1.9168,14.965,287.957,58.821,1099.360340,0.000,0.000,15.000,-161.827,0.0000,1.000000,176.7924,0.9999,-115.869502,9.0920,0.000,0.0000,176.7924,0.0000,0.0000
10 Aug 2024 19:10:32.000,0,5,"Satellite/LEOSAT6/Transmitter/LEO_Transmitter",15.000,0.3417,13.390,30.770,68.004,2451.587228,0.000,0.000,15.000,-170.370,0.0000,1.000000,183.7586,0.9997,-124.383373,17.6343,0.000,0.0000,183.7586,0.0000,0.0000
10 Aug 2024 19:11:32.000,0,2,"Satellite/LEOSAT3/Transmitter/LEO_Transmitter",15.000,1.9856,15.034,263.063,58.449,1082.663499,0.000,0.000,15.000,-161.626,0.0000,1.000000,176.6595,0.9999,-115.671408,8.8901,0.000,0.0000,176.6595,0.0000,0.0000
10 Aug 2024 19:11:32.000,0,5,"Satellite/LEOSAT6/Transmitter/LEO_Transmitter",15.000,0.4049,13.453,36.994,67.610,2126.615641,0.000,0.000,15.000,-169.071,0.0000,1.000000,182.5234,0.9997,-123.088145,16.3359,0.000,0.0000,182.5234,0.0000,0.0000
10 Aug 2024 19:12:32.000,0,2,"Satellite/LEOSAT3/Transmitter/LEO_Transmitter",15.000,1.5041,14.553,241.346,61.100,1219.628939,0.000,0.000,15.000,-163.142,0.0000,1.000000,177.6942,0.9998,-117.172076,10.4069,0.000,0.0000,177.6942,0.0000,0.0000
10 Aug 2024 19:12:32.000,0,5,"Satellite/LEOSAT6/Transmitter/LEO_Transmitter",15.000,0.5522,13.601,45.515,66.698,1836.585134,0.000,0.000,15.000,-167.650,0.0000,1.000000,181.2498,0.9997,-121.672238,14.9148,0.000,0.0000,181.2498,0.0000,0.0000
10 Aug 2024 19:13:32.000,0,2,"Satellite/LEOSAT3/Transmitter/LEO_Transmitter",15.000,0.9608,14.009,226.472,64.235,1467.288647,0.000,0.000,15.000,-165.292,0.0000,1.000000,179.2999,0.9997,-119.311472,12.5563,0.000,0.0000,179.2999,0.0000,0.0000
10 Aug 2024 19:13:32.000,0,5,"Satellite/LEOSAT6/Transmitter/LEO_Transmitter",15.000,0.7722,13.821,57.179,65.361,1601.903022,0.000,0.000,15.000,-166.242,0.0000,1.000000,180.0623,0.9998,-120.272562,13.5070,0.000,0.0000,180.0623,0.0000,0.0000
10 Aug 2024 19:14:32.000,0,2,"Satellite/LEOSAT3/Transmitter/LEO_Transmitter",15.000,0.5958,13.644,216.902,66.431,1779.155215,0.000,0.000,15.000,-167.331,0.0000,1.000000,180.9739,0.9997,-121.345073,14.5955,0.000,0.0000,180.9739,0.0000,0.0000
10 Aug 2024 19:14:32.000,0,5,"Satellite/LEOSAT6/Transmitter/LEO_Transmitter",15.000,0.9883,14.037,72.432,64.072,1450.653657,0.000,0.000,15.000,-165.164,0.0000,1.000000,179.2009,0.9999,-119.206170,12.4290,0.000,0.0000,179.2009,0.0000,0.0000
10 Aug 2024 19:15:32.000,0,2,"Satellite/LEOSAT3/Transmitter/LEO_Transmitter",15.000,0.4050,13.454,210.585,67.609,2126.113586,0.000,0.000,15.000,-169.069,0.0000,1.000000,182.5213,0.9996,-123.080413,16.3339,0.000,0.0000,182.5213,0.0000,0.0000
10 Aug 2024 19:15:32.000,0,5,"Satellite/LEOSAT6/Transmitter/LEO_Transmitter",15.000,1.0593,14.108,90.121,63.655,1410.424322,0.000,0.000,15.000,-164.849,0.0000,1.000000,178.9566,1.0000,-118.899869,12.1134,0.000,0.0000,178.9566,0.0000,0.0000
10 Aug 2024 19:16:32.000,0,2,"Satellite/LEOSAT3/Transmitter/LEO_Transmitter",15.000,0.3392,13.388,206.225,68.020,2492.373830,0.000,0.000,15.000,-170.516,0.0000,1.000000,183.9019,0.9996,-124.525126,17.7803,0.000,0.0000,183.9019,0.0000,0.0000
10 Aug 2024 19:16:32.000,0,5,"Satellite/LEOSAT6/Transmitter/LEO_Transmitter",15.000,0.9246,13.973,107.244,64.450,1490.209147,0.000,0.000,15.000,-165.462,0.0000,1.000000,179.4346,0.9999,-119.499469,12.7265,0.000,0.0000,179.4346,0.0000,0.0000
10 Aug 2024 19:17:32.000,0,5,"Satellite/LEOSAT6/Transmitter/LEO_Transmitter",15.000,0.6935,13.742,121.280,65.836,1672.481044,0.000,0.000,15.000,-166.696,0.0000,1.000000,180.4368,0.9998,-120.722757,13.9602,0.000,0.0000,180.4368,0.0000,0.0000
10 Aug 2024 19:18:32.000,0,5,"Satellite/LEOSAT6/Transmitter/LEO_Transmitter",15.000,0.4939,13.542,131.760,67.057,1927.646913,0.000,0.000,15.000,-168.129,0.0000,1.000000,181.6702,0.9997,-122.149018,15.3934,0.000,0.0000,181.6702,0.0000,0.0000
10 Aug 2024 19:19:32.000,0,5,"Satellite/LEOSAT6/Transmitter/LEO_Transmitter",15.000,0.3753,13.424,139.375,67.794,2229.875409,0.000,0.000,15.000,-169.513,0.0000,1.000000,182.9352,0.9997,-123.528482,16.7773,0.000,0.0000,182.9352,0.0000,0.0000
10 Aug 2024 19:20:32.000,0,5,"Satellite/LEOSAT6/Transmitter/LEO_Transmitter",15.000,0.3374,13.386,144.951,68.031,2561.469026,0.000,0.000,15.000,-170.755,0.0000,1.000000,184.1394,0.9997,-124.767968,18.0195,0.000,0.0000,184.1394,0.0000,0.0000
10 Aug 2024 20:21:05.000,0,3,"Satellite/LEOSAT4/Transmitter/LEO_Transmitter",15.000,0.3373,13.386,68.789,68.031,2575.844717,0.000,0.000,15.000,-170.803,0.0000,1.000000,184.1880,0.9998,-124.836998,18.0674,0.000,0.0000,184.1880,0.0000,0.0000
10 Aug 2024 20:22:05.000,0,3,"Satellite/LEOSAT4/Transmitter/LEO_Transmitter",15.000,0.3425,13.391,77.482,67.999,2440.449430,0.000,0.000,15.000,-170.328,0.0000,1.000000,183.7190,0.9999,-124.369345,17.5930,0.000,0.0000,183.7190,0.0000,0.0000
10 Aug 2024 20:23:05.000,0,3,"Satellite/LEOSAT4/Transmitter/LEO_Transmitter",15.000,0.3502,13.399,87.027,67.951,2366.915895,0.000,0.000,15.000,-170.055,0.0000,1.000000,183.4533,1.0000,-124.103350,17.3193,0.000,0.0000,183.4533,0.0000,0.0000
10 Aug 2024 20:24:05.000,0,3,"Satellite/LEOSAT4/Transmitter/LEO_Transmitter",15.000,0.3509,13.399,96.934,67.946,2361.512574,0.000,0.000,15.000,-170.034,0.0000,1.000000,183.4334,1.0000,-124.083992,17.2987,0.000,0.0000,183.4334,0.0000,0.0000
10 Aug 2024 20:25:05.000,0,3,"Satellite/LEOSAT4/Transmitter/LEO_Transmitter",15.000,0.3438,13.392,106.595,67.991,2424.892363,0.000,0.000,15.000,-170.271,0.0000,1.000000,183.6635,0.9999,-124.313540,17.5361,0.000,0.0000,183.6635,0.0000,0.0000
10 Aug 2024 20:26:05.000,0,3,"Satellite/LEOSAT4/Transmitter/LEO_Transmitter",15.000,0.3375,13.386,115.484,68.030,2551.863718,0.000,0.000,15.000,-170.721,0.0000,1.000000,184.1068,0.9998,-124.756460,17.9860,0.000,0.0000,184.1068,0.0000,0.0000
10 Aug 2024 21:56:33.000,0,3,"Satellite/LEOSAT4/Transmitter/LEO_Transmitter",15.000,0.3373,13.386,8.066,68.031,2573.115367,0.000,0.000,15.000,-170.795,0.0000,1.000000,184.1788,0.9996,-124.800320,18.0595,0.000,0.0000,184.1788,0.0000,0.0000
10 Aug 2024 21:57:33.000,0,3,"Satellite/LEOSAT4/Transmitter/LEO_Transmitter",15.000,0.3914,13.440,8.994,67.694,2169.502283,0.000,0.000,15.000,-169.259,0.0000,1.000000,182.6968,0.9996,-123.264495,16.5235,0.000,0.0000,182.6968,0.0000,0.0000
10 Aug 2024 21:58:33.000,0,3,"Satellite/LEOSAT4/Transmitter/LEO_Transmitter",15.000,0.6042,13.653,10.405,66.380,1768.967996,0.000,0.000,15.000,-167.273,0.0000,1.000000,180.9240,0.9996,-121.279446,14.5378,0.000,0.0000,180.9240,0.0000,0.0000
10 Aug 2024 21:59:33.000,0,0,"Satellite/LEOSAT1/Transmitter/LEO_Transmitter",15.000,0.3441,13.393,299.681,67.989,2422.585359,0.000,0.000,15.000,-170.264,0.0000,1.000000,183.6552,0.9998,-124.291208,17.5283,0.000,0.0000,183.6552,0.0000,0.0000
10 Aug 2024 21:59:33.000,0,3,"Satellite/LEOSAT4/Transmitter/LEO_Transmitter",15.000,1.1242,14.173,12.763,63.275,1376.594576,0.000,0.000,15.000,-164.575,0.0000,1.000000,178.7457,0.9996,-118.582575,11.8395,0.000,0.0000,178.7457,0.0000,0.0000
10 Aug 2024 22:00:33.000,0,0,"Satellite/LEOSAT1/Transmitter/LEO_Transmitter",15.000,0.3751,13.424,290.764,67.795,2230.742076,0.000,0.000,15.000,-169.516,0.0000,1.000000,182.9386,0.9998,-123.549876,16.7804,0.000,0.0000,182.9386,0.0000,0.0000
10 Aug 2024 22:00:33.000,0,3,"Satellite/LEOSAT4/Transmitter/LEO_Transmitter",15.000,2.3564,15.405,17.405,56.487,1004.588441,0.000,0.000,15.000,-160.606,0.0000,1.000000,176.0094,0.9996,-114.617627,7.8707,0.000,0.0000,176.0094,0.0000,0.0000
10 Aug 2024 22:01:33.000,0,0,"Satellite/LEOSAT1/Transmitter/LEO_Transmitter",15.000,0.4135,13.462,280.334,67.556,2101.674050,0.000,0.000,15.000,-168.959,0.0000,1.000000,182.4209,0.9999,-123.001685,16.2240,0.000,0.0000,182.4209,0.0000,0.0000
10 Aug 2024 22:01:33.000,0,3,"Satellite/LEOSAT4/Transmitter/LEO_Transmitter",15.000,5.1291,18.178,30.091,41.576,689.594512,0.000,0.000,15.000,-154.565,0.0000,1.000000,172.7415,0.9997,-108.587840,1.8297,0.000,0.0000,172.7415,0.0000,0.0000
10 Aug 2024 22:02:33.000,0,0,"Satellite/LEOSAT1/Transmitter/LEO_Transmitter",15.000,0.4345,13.483,268.862,67.425,2048.032225,0.000,0.000,15.000,-168.713,0.0000,1.000000,182.1963,1.0000,-122.765240,15.9782,0.000,0.0000,182.1963,0.0000,0.0000
10 Aug 2024 22:02:33.000,0,3,"Satellite/LEOSAT4/Transmitter/LEO_Transmitter",15.000,5.1291,18.178,92.486,22.523,544.364272,0.000,0.000,15.000,-152.510,0.0000,1.000000,170.6874,1.0000,-106.562961,-0.2255,0.000,0.0000,170.6874,0.0000,0.0000
10 Aug 2024 22:03:33.000,0,0,"Satellite/LEOSAT1/Transmitter/LEO_Transmitter",15.000,0.4231,13.472,257.222,67.496,2076.075777,0.000,0.000,15.000,-168.843,0.0000,1.000000,182.3145,0.9999,-122.888414,16.1079,0.000,0.0000,182.3145,0.0000,0.0000
10 Aug 2024 22:03:33.000,0,3,"Satellite/LEOSAT4/Transmitter/LEO_Transmitter",15.000,5.1291,18.178,155.674,41.390,687.316449,0.000,0.000,15.000,-154.536,0.0000,1.000000,172.7127,0.9997,-108.559254,1.8010,0.000,0.0000,172.7127,0.0000,0.0000
10 Aug 2024 22:04:33.000,0,0,"Satellite/LEOSAT1/Transmitter/LEO_Transmitter",15.000,0.3876,13.436,246.357,67.717,2182.725471,0.000,0.000,15.000,-169.314,0.0000,1.000000,182.7496,0.9999,-123.350696,16.5789,0.000,0.0000,182.7496,0.0000,0.0000
10 Aug 2024 22:04:33.000,0,3,"Satellite/LEOSAT4/Transmitter/LEO_Transmitter",15.000,2.3726,15.421,168.518,56.402,1001.563359,0.000,0.000,15.000,-160.564,0.0000,1.000000,175.9832,0.9996,-114.575235,7.8283,0.000,0.0000,175.9832,0.0000,0.0000
10 Aug 2024 22:05:33.000,0,0,"Satellite/LEOSAT1/Transmitter/LEO_Transmitter",15.000,0.3515,13.400,236.892,67.942,2357.104859,0.000,0.000,15.000,-170.018,0.0000,1.000000,183.4172,0.9998,-124.047394,17.2828,0.000,0.0000,183.4172,0.0000,0.0000
10 Aug 2024 22:05:33.000,0,3,"Satellite/LEOSAT4/Transmitter/LEO_Transmitter",15.000,1.1304,14.179,173.214,63.239,1373.476539,0.000,0.000,15.000,-164.549,0.0000,1.000000,178.7260,0.9996,-118.556625,11.8135,0.000,0.0000,178.7260,0.0000,0.0000
10 Aug 2024 22:06:33.000,0,3,"Satellite/LEOSAT4/Transmitter/LEO_Transmitter",15.000,0.6066,13.655,175.613,66.365,1766.017057,0.000,0.000,15.000,-167.256,0.0000,1.000000,180.9095,0.9996,-121.262456,14.5209,0.000,0.0000,180.9095,0.0000,0.0000
10 Aug 2024 22:07:33.000,0,3,"Satellite/LEOSAT4/Transmitter/LEO_Transmitter",15.000,0.3921,13.441,177.066,67.689,2166.868529,0.000,0.000,15.000,-169.247,0.0000,1.000000,182.6863,0.9996,-123.253121,16.5122,0.000,0.0000,182.6863,0.0000,0.0000
10 Aug 2024 23:35:16.000,0,0,"Satellite/LEOSAT1/Transmitter/LEO_Transmitter",15.000,0.3373,13.386,1.431,68.031,2570.022627,0.000,0.000,15.000,-170.784,0.0000,1.000000,184.1683,0.9996,-124.789771,18.0492,0.000,0.0000,184.1683,0.0000,0.0000
10 Aug 2024 23:36:16.000,0,0,"Satellite/LEOSAT1/Transmitter/LEO_Transmitter",15.000,0.3925,13.441,2.311,67.686,2165.530548,0.000,0.000,15.000,-169.242,0.0000,1.000000,182.6809,0.9996,-123.247303,16.5065,0.000,0.0000,182.6809,0.0000,0.0000
10 Aug 2024 23:37:16.000,0,0,"Satellite/LEOSAT1/Transmitter/LEO_Transmitter",15.000,0.6083,13.657,3.620,66.355,1764.074708,0.000,0.000,15.000,-167.245,0.0000,1.000000,180.8999,0.9996,-121.251193,14.5098,0.000,0.0000,180.8999,0.0000,0.0000
10 Aug 2024 23:37:16.000,0,3,"Satellite/LEOSAT4/Transmitter/LEO_Transmitter",15.000,0.3374,13.386,311.539,68.031,2568.781753,0.000,0.000,15.000,-170.779,0.0000,1.000000,184.1642,0.9998,-124.802915,18.0443,0.000,0.0000,184.1642,0.0000,0.0000
10 Aug 2024 23:38:16.000,0,0,"Satellite/LEOSAT1/Transmitter/LEO_Transmitter",15.000,1.1361,14.185,5.782,63.206,1370.657350,0.000,0.000,15.000,-164.525,0.0000,1.000000,178.7082,0.9996,-118.532972,11.7901,0.000,0.0000,178.7082,0.0000,0.0000
10 Aug 2024 23:38:16.000,0,3,"Satellite/LEOSAT4/Transmitter/LEO_Transmitter",15.000,0.3544,13.403,303.643,67.925,2337.639227,0.000,0.000,15.000,-169.943,0.0000,1.000000,183.3452,0.9998,-123.972177,17.2081,0.000,0.0000,183.3452,0.0000,0.0000
10 Aug 2024 23:39:16.000,0,0,"Satellite/LEOSAT1/Transmitter/LEO_Transmitter",15.000,2.3955,15.444,10.029,56.284,997.350953,0.000,0.000,15.000,-160.504,0.0000,1.000000,175.9466,0.9996,-114.515565,7.7690,0.000,0.0000,175.9466,0.0000,0.0000
10 Aug 2024 23:39:16.000,0,3,"Satellite/LEOSAT4/Transmitter/LEO_Transmitter",15.000,0.3942,13.443,294.117,67.676,2160.031911,0.000,0.000,15.000,-169.217,0.0000,1.000000,182.6588,0.9999,-123.252939,16.4816,0.000,0.0000,182.6588,0.0000,0.0000
10 Aug 2024 23:40:16.000,0,0,"Satellite/LEOSAT1/Transmitter/LEO_Transmitter",15.000,5.1291,18.178,21.843,40.849,680.814059,0.000,0.000,15.000,-154.454,0.0000,1.000000,172.6302,0.9997,-108.476381,1.7185,0.000,0.0000,172.6302,0.0000,0.0000
10 Aug 2024 23:40:16.000,0,3,"Satellite/LEOSAT4/Transmitter/LEO_Transmitter",15.000,0.4334,13.482,283.134,67.432,2050.534856,0.000,0.000,15.000,-168.725,0.0000,1.000000,182.2070,0.9999,-122.770321,15.9902,0.000,0.0000,182.2070,0.0000,0.0000
10 Aug 2024 23:41:16.000,0,0,"Satellite/LEOSAT1/Transmitter/LEO_Transmitter",15.000,5.1291,18.178,87.506,20.430,535.885705,0.000,0.000,15.000,-152.373,0.0000,1.000000,170.5511,1.0000,-106.426625,-0.3617,0.000,0.0000,170.5511,0.0000,0.0000
10 Aug 2024 23:41:16.000,0,3,"Satellite/LEOSAT4/Transmitter/LEO_Transmitter",15.000,0.4465,13.495,271.325,67.351,2020.531568,0.000,0.000,15.000,-168.584,0.0000,1.000000,182.0789,1.0000,-122.635978,15.8489,0.000,0.0000,182.0789,0.0000,0.0000
10 Aug 2024 23:42:16.000,0,0,"Satellite/LEOSAT1/Transmitter/LEO_Transmitter",15.000,5.1291,18.178,152.339,41.022,682.873322,0.000,0.000,15.000,-154.480,0.0000,1.000000,172.6564,0.9997,-108.502473,1.7448,0.000,0.0000,172.6564,0.0000,0.0000
10 Aug 2024 23:42:16.000,0,3,"Satellite/LEOSAT4/Transmitter/LEO_Transmitter",15.000,0.4242,13.473,259.674,67.489,2073.412361,0.000,0.000,15.000,-168.831,0.0000,1.000000,182.3033,0.9999,-122.873469,16.0959,0.000,0.0000,182.3033,0.0000,0.0000
10 Aug 2024 23:43:16.000,0,0,"Satellite/LEOSAT1/Transmitter/LEO_Transmitter",15.000,2.3809,15.429,164.017,56.360,1000.043707,0.000,0.000,15.000,-160.542,0.0000,1.000000,175.9700,0.9996,-114.553605,7.8071,0.000,0.0000,175.9700,0.0000,0.0000
10 Aug 2024 23:43:16.000,0,3,"Satellite/LEOSAT4/Transmitter/LEO_Transmitter",15.000,0.3821,13.431,249.091,67.751,2202.843882,0.000,0.000,15.000,-169.399,0.0000,1.000000,182.8293,0.9998,-123.433484,16.6643,0.000,0.0000,182.8293,0.0000,0.0000
10 Aug 2024 23:44:16.000,0,0,"Satellite/LEOSAT1/Transmitter/LEO_Transmitter",15.000,1.1306,14.179,168.217,63.238,1373.388519,0.000,0.000,15.000,-164.548,0.0000,1.000000,178.7255,0.9996,-118.555780,11.8130,0.000,0.0000,178.7255,0.0000,0.0000
10 Aug 2024 23:44:16.000,0,3,"Satellite/LEOSAT4/Transmitter/LEO_Transmitter",15.000,0.3468,13.395,240.069,67.972,2395.825280,0.000,0.000,15.000,-170.164,0.0000,1.000000,183.5587,0.9998,-124.191867,17.4293,0.000,0.0000,183.5587,0.0000,0.0000
10 Aug 2024 23:45:16.000,0,0,"Satellite/LEOSAT1/Transmitter/LEO_Transmitter",15.000,0.6061,13.655,170.340,66.368,1766.609643,0.000,0.000,15.000,-167.259,0.0000,1.000000,180.9124,0.9996,-121.265814,14.5244,0.000,0.0000,180.9124,0.0000,0.0000
10 Aug 2024 23:46:16.000,0,0,"Satellite/LEOSAT1/Transmitter/LEO_Transmitter",15.000,0.3919,13.440,171.607,67.690,2167.733667,0.000,0.000,15.000,-169.251,0.0000,1.000000,182.6897,0.9996,-123.256830,16.5160,0.000,0.0000,182.6897,0.0000,0.0000
10 Aug 2024 23:47:16.000,0,0,"Satellite/LEOSAT1/Transmitter/LEO_Transmitter",15.000,0.3373,13.386,172.438,68.031,2571.791350,0.000,0.000,15.000,-170.790,0.0000,1.000000,184.1743,0.9996,-124.795801,18.0552,0.000,0.0000,184.1743,0.0000,0.0000

